University Name,Country,City,QS Ranking 2025,Public or Private,Tuition Fees (International),Application Fee,IELTS Requirement,TOEFL Requirement,Duolingo Requirement,Minimum GPA,Admission Deadline,Programs Available,Scholarship Available,Scholarship Details,Intake Seasons,Application Link,Official Website,Campus Image URL 1,Campus Image URL 2,Campus Image URL 3,University Logo URL,Notes
Massachusetts Institute of Technology (MIT),USA,Cambridge (MA),1,Private,USD 64310/year (UG); USD 61990–118450/year (PG),USD 75 (UG); USD 90 (PG),7.0+,90+ iBT,120,3.9 (UG competitive); 3.5+ (PG),Nov 1 (EA); Jan 5 (RD); Dec 1 (PG many programs),"Engineering, Computer Science, Physics, Mathematics, Architecture, Business Analytics (MBA), Chemistry, Biology, Economics, Urban Planning",Yes,Need-based; 100% of demonstrated need met; research assistantships and fellowships for PG,Fall,https://apply.mit.edu,https://www.mit.edu,https://news.mit.edu/sites/default/files/images/202009/MIT-campus-aerial.jpg,https://news.mit.edu/sites/default/files/images/202103/mit-dome-exterior.jpg,https://news.mit.edu/sites/default/files/images/202210/killian-court.jpg,https://web.mit.edu/graphicidentity/images/mit-logo.svg,GRE not accepted by some departments; 3 LORs required for PG; IELTS preferred at some departments
Imperial College London,UK,London,2,Public,£37900–£53700/year (PG Int'l); £9535/year (UG Home),£50 (UG via UCAS); £100 (MBA),6.5 standard; 7.0 higher requirement,92 iBT (standard); 100 (higher),Accepted (DET),3.7/4.0,Jan 31 (UG via UCAS); varies by PG program (rolling),"Engineering, Medicine, Natural Sciences, Business, Computing, Mathematics, Chemistry, Physics, Life Sciences",Yes,"President's PhD Scholarships; Imperial Bursary (Home UG); departmental scholarships; President's Excellence PhD Scholarship",Fall (Sep),https://www.imperial.ac.uk/study/apply/,https://www.imperial.ac.uk,https://www.imperial.ac.uk/ImageCropToolT4/image/6374.img,https://www.imperial.ac.uk/ImageCropToolT4/image/2580.img,https://www.imperial.ac.uk/ImageCropToolT4/image/7090.img,https://www.imperial.ac.uk/design/images/imperial-logo.png,"GMAT/GRE required for MBA; ATAS certificate needed for some UK visa subjects; personal statement required"
University of Oxford,UK,Oxford,3,Public,£33050–£48620/year (UG Int'l); £23594–£80831 (PG Int'l),£22.50 (UG via UCAS); £75–£150 (PG),7.0 standard; 7.5 higher requirement,100 iBT (standard); 110 (higher),,3.7–4.0 (UG); 3.3+ (PG),Oct 15 (UG UCAS); Dec–Jan (PG scholarships); varies by PG program,"Arts & Humanities, Computer Science, Economics, Engineering, Law, Medicine, Natural Sciences, Philosophy, Politics, PPE, Social Sciences",Yes,"Clarendon Fund; Rhodes Scholarship; Oxford-Weidenfeld & Hoffmann; Felix Scholarships; Reach Oxford Scholarships",Fall (Oct),https://www.ox.ac.uk/admissions/undergraduate/applying-to-oxford,https://www.ox.ac.uk,https://www.ox.ac.uk/sites/files/oxford/styles/ow_medium_feature/s3/field/field_image_main/Radcliffe-Camera-and-All-Souls.jpg,https://www.ox.ac.uk/sites/files/oxford/styles/ow_medium_feature/s3/field/field_image_main/Bodleian-Library-exterior.jpg,https://www.ox.ac.uk/sites/files/oxford/styles/ow_medium_feature/s3/field/field_image_main/Christchurch-meadow.jpg,https://www.ox.ac.uk/sites/files/oxford/images/ox_brand/ox_brand_pos_rect.png,"Course-specific admissions tests: MAT (Maths); LNAT (Law); UCAT (Medicine); PAT (Physics); 2 academic references; GMAT 650+ for MBA"
Harvard University,USA,Cambridge (MA),4,Private,"USD 59000/year (UG tuition); ~USD 80000/year (total CoA)",USD 85,"6.5+ (PG GSAS min); not required UG","80+ iBT (PG GSAS min); not required UG",,3.0 (UG min); 3.5–3.9 (PG competitive),Nov 1 (EA); Jan 1 (RD); varies by PG school,"Arts & Humanities, Business (MBA), Computer Science, Education, Engineering, Law, Medicine, Natural Sciences, Public Policy, Social Sciences",Yes,"Need-based; 100% of demonstrated need; tuition-free for families under USD 200000/year (2025–26 UG); no standalone merit scholarships",Fall,https://college.harvard.edu/admissions/apply,https://www.harvard.edu,https://www.harvard.edu/wp-content/uploads/2021/02/Harvard_University_campus.jpg,https://cdn.harvard.edu/wp-content/uploads/2024/09/widener-library-exterior.jpg,https://cdn.harvard.edu/wp-content/uploads/2024/09/annenberg-hall.jpg,https://www.harvard.edu/wp-content/themes/core/images/harvard-logo.svg,"SAT/ACT required UG Class 2029+; CSS Profile + FAFSA for aid; 2–3 LORs; application fee waiver available"
University of Cambridge,UK,Cambridge,5,Public,£26031–£67194/year (UG Int'l); £24789–£69000/year (PG Int'l),£75 (PG); UCAS £27.50 (UG),"7.5 (no band below 7.0)","110 iBT (no section below 25)",,3.7+ (UG); 3.7+ (PG),Oct 15 (UG UCAS); Sep–Dec (PG varies by program),"Biological Sciences, Computer Science, Economics, Engineering, History, Law, Mathematics, Medicine, Modern Languages, Natural Sciences, Philosophy",Yes,"Cambridge Trust Scholarships; Gates Cambridge Scholarship; Commonwealth Shared Scholarship; Prince of Wales Scholarship",Fall (Oct),https://www.undergraduate.study.cam.ac.uk/applying,https://www.cam.ac.uk,https://www.cam.ac.uk/sites/www.cam.ac.uk/files/inner-images/17-collegiate-university-king.jpg,https://www.cam.ac.uk/sites/www.cam.ac.uk/files/inner-images/17-collegiate-university-kings_college.jpg,https://www.cam.ac.uk/sites/www.cam.ac.uk/files/inner-images/17-collegiate-university-bridge_of_sighs.jpg,https://www.cam.ac.uk/sites/www.cam.ac.uk/files/inner-images/Cam_logo.png,"Course-specific tests: ESAT (Engineering/Science); UCAT (Medicine); LNAT (Law); 2 academic references; college system; SAQ required"
Stanford University,USA,Stanford (CA),6,Private,"USD 67731/year (PG avg tuition); ~USD 85000/year total (UG)",USD 90,"7.0+ (UG & most PG)","100+ iBT (UG); 89–100+ (PG varies)",,3.9+ (UG competitive); 3.5 (PG min),Nov 1 (REA); Jan 5 (RD UG); varies by PG dept,"Arts & Humanities, Business (MBA), Computer Science, Earth Sciences, Education, Engineering, Law, Medicine, Natural Sciences, Social Sciences",Yes,"Need-based; 100% of demonstrated need; Tata Scholarship (Indian students); Reliance Dhirubhai Fellowship (MBA); departmental fellowships",Fall,https://apply.stanford.edu,https://www.stanford.edu,https://news.stanford.edu/wp-content/uploads/2024/03/stanford-campus-aerial.jpg,https://news.stanford.edu/wp-content/uploads/2024/06/stanford-oval.jpg,https://news.stanford.edu/wp-content/uploads/2024/01/hoover-tower.jpg,https://identity.stanford.edu/wp-content/uploads/sites/3/2020/07/SU_SealColor_2color.png,"SAT/ACT required for Fall 2025+ UG; GRE/GMAT required for some PG; optional arts portfolio for UG; max 3 UG applications"
ETH Zurich,Switzerland,Zurich,7,Public,CHF 2190/year (~USD 2400; same for all students),None for UG; CHF 150 (PG),"6.0–7.0 (program-specific)","90–100 iBT",,2.0+ (Swiss scale),Nov 1–Dec 15 (UG); Nov–April (PG varies),"Architecture, Biochemistry, Biology, Chemistry, Civil Engineering, Computer Science, Earth Sciences, Electrical Engineering, Environmental Science, Mathematics, Physics",Yes,"ESOP Excellence Scholarship (PG); ETH Foundation scholarships; various departmental grants",Fall (Sep),https://www.ethz.ch/en/studies/registration-and-application.html,https://www.ethz.ch,https://ethz.ch/en/news-and-events/eth-news/news/2021/07/photos-from-the-campus/_jcr_content/news_content/fullwidthimage/image.imageformat.fullwidth.1199756617.jpg,https://ethz.ch/en/news-and-events/eth-news/news/2019/11/campus-beautiful-shot/_jcr_content/news_content/fullwidthimage/image.imageformat.fullwidth.1001854073.jpg,https://ethz.ch/en/campus/campus-at-a-glance/_jcr_content/fullwidthimage/image.imageformat.fullwidth.1267893491.jpg,https://www.ethz.ch/etc/designs/ethz/img/header/ethz-logo-black.svg,"UG Bachelor's taught primarily in German; PG Master's mostly in English; very affordable tuition; 21 Nobel Prize alumni"
National University of Singapore (NUS),Singapore,Singapore,8,Public,SGD 27000–38000/year (UG Int'l); SGD 22000–50000/year (PG Int'l),SGD 20–50,6.5–7.0,92–100 iBT,,3.0–3.5,Feb–Mar (UG); Oct–Jan (PG varies),"Architecture, Business Analytics, Chemistry, Computer Science, Data Science, Dentistry, Engineering, Law, MBA, Medicine, Social Sciences",Yes,"NUS Research Scholarship; ASEAN Undergraduate Scholarship; Science & Technology Scholarship; MOE Tuition Grant (requires 3-year bond to work in Singapore after graduation)",Fall (Aug),https://www.nus.edu.sg/oam/admissions,https://www.nus.edu.sg,https://www.nus.edu.sg/images/default-source/homepage-images/nus-utown-aerial.jpg,https://www.nus.edu.sg/images/default-source/homepage-images/university-cultural-centre.jpg,https://www.nus.edu.sg/images/default-source/homepage-images/kent-ridge-campus.jpg,https://www.nus.edu.sg/images/default-source/nus-logos/nus-logo-full-colour.png,"MOE Tuition Grant reduces fees 40–60%; requires service bond; GRE/GMAT for some PG programs; 2–3 LORs for PG"
UCL (University College London),UK,London,9,Public,£22400–£35700/year (UG Int'l); £14000–£35000/year (PG Int'l),£75 (UG UCAS); varies (PG),"6.5–7.5 (program-specific)","90–100 iBT",,3.3+,Jan 31 (UG UCAS); varies by PG program,"Architecture, Arts & Humanities, Biomedical Sciences, Computer Science, Economics, Education, Engineering, Law, Medicine, Natural Sciences, Social Sciences",Yes,"UCL Global Undergraduate Scholarship; Denys Holland Scholarship; doctoral studentships; departmental bursaries",Fall (Sep),https://www.ucl.ac.uk/prospective-students/undergraduate/application,https://www.ucl.ac.uk,https://www.ucl.ac.uk/news/sites/news/files/ucl-quad-20180620-9001.jpg,https://www.ucl.ac.uk/news/sites/news/files/students-campus-library.jpg,https://www.ucl.ac.uk/news/sites/news/files/ucl-main-building.jpg,https://www.ucl.ac.uk/brand/sites/brand/files/styles/ucl_wide/public/ucl_logo_dark.png,"Personal statement required; UCAT for Medicine; LNAT for Law; some programs require portfolio; strong research focus"
California Institute of Technology (Caltech),USA,Pasadena (CA),10,Private,USD 63471/year (UG); USD 65505/year (PG),USD 75,"7.0+","100+ iBT",,3.5+,Nov 1 (EA); Jan 3 (RD); Dec 15 (PG),"Astrophysics, Biology, Chemistry, Computer Science, Engineering, Geology, Mathematics, Physics",Yes,"Need-based financial aid; Caltech Student–Faculty Programs scholarship; merit fellowships for PG",Fall,https://www.admissions.caltech.edu,https://www.caltech.edu,https://www.caltech.edu/sites/default/files/styles/1920x1080/public/2020-02/campus-aerial-spring.jpg,https://www.caltech.edu/sites/default/files/styles/1920x1080/public/2020-02/beckman-auditorium.jpg,https://www.caltech.edu/sites/default/files/styles/1920x1080/public/2020-02/millikan-library.jpg,https://www.caltech.edu/sites/default/files/2020-02/caltech-logo.png,"Very small highly selective STEM institution; SAT/ACT required; strong research culture"
University of Pennsylvania (UPenn),USA,Philadelphia (PA),11,Private,"USD 63452/year (UG tuition); ~USD 85000/year (total CoA)",USD 85,"7.0+","100+ iBT",105,3.5+,Nov 1 (ED); Jan 5 (RD); varies by PG program,"Biomedical Sciences, Business (Wharton MBA), Computer Science, Economics, Engineering, Law, Liberal Arts, Medicine, Nursing, Social Sciences",Yes,"Need-based financial aid; Benjamin Franklin Scholars; Penn Wharton need-blind for all nationalities (UG); fellowships for PG",Fall,https://www.admissions.upenn.edu,https://www.upenn.edu,https://www.upenn.edu/sites/default/files/styles/news_landing_page_880/public/images/2020-07/penngettyimages-1221773064.jpg,https://www.upenn.edu/sites/default/files/styles/news_landing_page_880/public/images/2020-06/campus.jpg,https://www.upenn.edu/sites/default/files/styles/news_landing_page_880/public/images/2023-09/houston-hall.jpg,https://www.upenn.edu/sites/default/files/styles/news_landing_page_880/public/images/penn-shield.png,"Wharton and Engineering highly competitive; SAT/ACT required; 2–3 LORs; need-blind admissions for all nationalities UG"
University of California Berkeley (UCB),USA,Berkeley (CA),12,Public,"USD 14312/year (CA resident UG); USD 44066/year (non-resident UG); varies PG",USD 70 (UG); USD 125 (PG),"7.0+","90+ iBT",,3.0 (UG CA min); 3.0+ (PG),Nov 30 (UG); Dec–Feb (PG varies),"Architecture, Business (Haas MBA), Chemistry, Computer Science, Economics, Engineering, Environmental Science, Law, Natural Sciences, Public Policy, Social Sciences",Yes,"Regents & Chancellor's Scholarship; Berkeley Graduate Fellowships; need-based grants; Blue & Gold Opportunity Plan",Fall,https://apply.universityofcalifornia.edu,https://www.berkeley.edu,https://news.berkeley.edu/wp-content/uploads/2015/01/sathergate_780.jpg,https://news.berkeley.edu/wp-content/uploads/2016/09/campanile.jpg,https://news.berkeley.edu/wp-content/uploads/2015/01/tolman-hall-aerial_780.jpg,https://brand.berkeley.edu/wp-content/uploads/2020/11/logo.png,"Applies through UC system application; GRE/GMAT for some PG; SOP and LORs required for PG"
Princeton University,USA,Princeton (NJ),13,Private,"USD 62400/year (UG tuition); ~USD 84000/year (total CoA)",USD 75,"7.0+","100+ iBT",,3.9+,Nov 1 (SCEA); Jan 1 (RD); Dec 1 (PG),"Architecture, Computer Science, Economics, Engineering, Humanities, Mathematics, Molecular Biology, Physics, Public Affairs (Woodrow Wilson), Social Sciences",Yes,"Need-based; meets 100% of demonstrated need; no-loan policy; Princeton Fellowships for PG",Fall,https://admission.princeton.edu,https://www.princeton.edu,https://www.princeton.edu/sites/default/files/styles/half_2x/public/images/2020/10/20201023_Princeton_Campus_RW_007.jpg,https://www.princeton.edu/sites/default/files/styles/half_2x/public/images/2020/10/20201023_Princeton_Campus_RW_019.jpg,https://www.princeton.edu/sites/default/files/styles/half_2x/public/images/2020/10/20201023_Princeton_Campus_RW_056.jpg,https://www.princeton.edu/sites/default/files/styles/scale_/public/images/2022/02/Princeton_Secondary_Shield_3color.png,"No loans in financial aid package; Single-Choice Early Action; GRE required for many PG programs"
University of Chicago,USA,Chicago (IL),14,Private,"USD 63801/year (UG tuition); ~USD 86000/year (total CoA)",USD 75,"7.0+","104+ iBT",120,3.5+,Nov 3 (EA/ED I); Jan 5 (ED II & RD); Dec 2 (PG),"Biological Sciences, Business (Booth MBA), Chemistry, Computer Science, Economics, Humanities, Law, Mathematics, Public Policy, Social Sciences, Statistics",Yes,"Need-based; University Scholarships; Booth MBA fellowships; Harper and Schmidt Fellowships for PG",Fall,https://collegeadmissions.uchicago.edu,https://www.uchicago.edu,https://www.uchicago.edu/assets/images/uploads/2020-09/campus-aerial.jpg,https://www.uchicago.edu/assets/images/uploads/2020-09/reg-quad.jpg,https://www.uchicago.edu/assets/images/uploads/2018-02/harper-library.jpg,https://www.uchicago.edu/assets/images/uploads/2020-01/UChicagoLogo.png,"Unique Core Curriculum; GMAT/GRE for MBA; 2 LORs for UG; essay-heavy application"
Nanyang Technological University (NTU),Singapore,Singapore,15,Public,SGD 25500–39000/year (UG Int'l); SGD 20000–45000/year (PG Int'l),SGD 20–50,"6.0–6.5","90+ iBT",,3.0,Feb–Mar (UG); Oct–Mar (PG varies),"Art Design & Media, Business (Nanyang MBA), Chemistry, Computer Science, Earth Sciences, Engineering, Humanities & Social Sciences, Medicine",Yes,"NTU MOE Tuition Grant Scholarship; Nanyang Scholarship; ASEAN Graduate Scholarship; Research Scholarship for PG",Fall (Aug),https://www.ntu.edu.sg/admissions,https://www.ntu.edu.sg,https://www.ntu.edu.sg/images/librariesresources/ntu-campus/ntu-campus-aerial.jpg,https://www.ntu.edu.sg/images/librariesresources/ntu-campus/ntu-campus-hall.jpg,https://www.ntu.edu.sg/images/librariesresources/ntu-campus/south-spine.jpg,https://www.ntu.edu.sg/etc/designs/ntu/images/logo.svg,"MOE Tuition Grant requires 3-year Singapore work bond; GRE/GMAT for some PG programs; SAT/A-levels considered for UG"
Cornell University,USA,Ithaca (NY),16,Private,"USD 63200/year (UG tuition); ~USD 85000/year (total CoA)",USD 80,"7.0+","100+ iBT",,3.5+,Nov 1 (ED); Jan 2 (RD); Dec–Feb (PG varies),"Agriculture & Life Sciences, Architecture, Business (Johnson MBA), Computer Science, Engineering, Hotel Administration, Human Ecology, Industrial & Labor Relations, Law, Medicine, Veterinary Medicine",Yes,"Need-based financial aid; Cornell Tradition Fellowship; graduate fellowships and assistantships",Fall,https://www.commonapp.org (UG); https://gradschool.cornell.edu/admissions (PG),https://www.cornell.edu,https://www.cornell.edu/sites/default/files/photos/2019/april/quad-fall.jpg,https://www.cornell.edu/sites/default/files/photos/2019/may/central-campus.jpg,https://www.cornell.edu/sites/default/files/photos/2019/march/day-hall.jpg,https://www.cornell.edu/sites/default/files/styles/full_1920px_tall/public/2023-09/cornell-insignia-simple-B31B1B.png,"Partial land-grant public/private hybrid; SAT/ACT required; GRE/GMAT for PG; 3 LORs for PG"
Yale University,USA,New Haven (CT),17,Private,"USD 62250/year (UG tuition); ~USD 84000/year (total CoA)",USD 80,"7.0+","100+ iBT",,3.9+,Nov 1 (SCEA); Jan 2 (RD); Dec 15 (PG),"Architecture, Arts, Business (Yale SOM MBA), Computer Science, Divinity, Drama, Environment, Forestry, Law, Medicine, Music, Natural Sciences, Public Health, Social Sciences",Yes,"Need-based; meets 100% of demonstrated need; no-loan policy; Yale Graduate Fellowship Program",Fall,https://admissions.yale.edu,https://www.yale.edu,https://www.yale.edu/sites/default/files/styles/page_header_standard/public/2020-09/sterling-memorial-library-600x400.jpg,https://www.yale.edu/sites/default/files/styles/page_header_standard/public/2021-02/cross-campus-library.jpg,https://www.yale.edu/sites/default/files/styles/page_header_standard/public/2020-09/old-campus.jpg,https://www.yale.edu/sites/default/files/styles/page_header_standard/public/2021-07/yale-logo-2.png,"Single-Choice Early Action for UG; LSAT required for Law; USMLE for Medicine; SAT/ACT required"
Columbia University,USA,New York (NY),18,Private,"USD 66139/year (UG tuition); ~USD 89000/year (total CoA)",USD 85,"7.0+","100+ iBT",,3.7+,Nov 1 (ED); Jan 5 (RD); Dec–Feb (PG),"Architecture, Arts, Business (Columbia Business School MBA), Computer Science, Engineering (SEAS), Journalism, Law, Medicine, Music, Natural Sciences, Public Health, Social Sciences",Yes,"Need-based financial aid; Columbia Priority Grant; graduate fellowships and stipends",Fall,https://undergrad.admissions.columbia.edu,https://www.columbia.edu,https://www.columbia.edu/sites/default/files/styles/1920x1080/public/content/Morningside%20campus%20from%20the%20air.jpg,https://www.columbia.edu/sites/default/files/styles/1920x1080/public/content/butler-library.jpg,https://www.columbia.edu/sites/default/files/styles/1920x1080/public/content/Low-Plaza.jpg,https://www.columbia.edu/sites/default/files/styles/1920x1080/public/content/cu_logo.png,"Located in New York City; ED binding commitment for UG; strong need-blind admissions"
EPFL (École Polytechnique Fédérale de Lausanne),Switzerland,Lausanne,19,Public,CHF 1460/semester (~CHF 2920/year; same for all students),CHF 100 (PG),"7.0 (PG)","100 iBT (PG)",,Bachelor's in French; Master's in English,Nov 1–Jan 15 (UG); Nov 1–Dec 15 (PG),"Architecture, Biological Engineering, Chemistry, Computer & Communication Sciences, Electrical Engineering, Environmental Engineering, Life Sciences, Mathematics, Materials Science, Physics",Yes,"EPFL Excellence Fellowships (PG); Swiss Government Excellence Scholarships; need-based grants",Fall (Sep),https://www.epfl.ch/education/master/admissions/,https://www.epfl.ch,https://www.epfl.ch/campus/published/files/2018/10/homepage_campus2.jpg,https://www.epfl.ch/campus/published/files/2019/09/rolex-learning-center.jpg,https://actu.epfl.ch/public/1087/main/hero-desktop.jpg,https://www.epfl.ch/etc/designs/epfl_redesign/svg/epfl-logo.svg,"UG taught in French; PG mostly in English; IELTS/TOEFL required only for non-English taught programs; very low tuition"
University of Edinburgh,UK,Edinburgh,20,Public,£25600–£35000/year (UG Int'l); £18000–£45000/year (PG Int'l),£75 (PG); UCAS (UG),"6.5–7.0","92–100 iBT",,3.3+,Jan 22 (UG UCAS); varies by PG program,"Architecture, Arts & Humanities, Business, Computer Science, Divinity, Education, Engineering, Informatics, Law, Medicine, Natural Sciences, Social Sciences, Veterinary Medicine",Yes,"Edinburgh Global Scholarship; Principal's Career Development PhD Scholarship; Rowand Anderson Memorial Scholarship",Fall (Sep),https://www.ed.ac.uk/studying/postgraduate/applying,https://www.ed.ac.uk,https://www.ed.ac.uk/sites/default/files/atoms/files/old_college_main_quad.jpg,https://www.ed.ac.uk/sites/default/files/atoms/files/george_square.jpg,https://www.ed.ac.uk/sites/default/files/atoms/files/edinburgh_university_library.jpg,https://www.ed.ac.uk/sites/default/files/atoms/files/uoe_logo.png,"Personal statement; UCAT for Medicine; portfolio for architecture/art; SDS Vetted Sponsor for student visa"
University of Michigan-Ann Arbor,USA,Ann Arbor (MI),21,Public,"USD 17786/year (MI resident UG); USD 57273/year (non-resident UG); varies PG",USD 75 (UG); USD 75 (PG),"6.5+","84+ iBT",,3.0 (UG min); 3.5+ (PG competitive),Feb 1 (UG RD); Nov 1 (EA); Dec–Feb (PG),"Architecture, Business (Ross MBA), Computer Science, Dentistry, Education, Engineering, Kinesiology, Law, Medicine, Music, Natural Sciences, Nursing, Public Policy, Social Work, Social Sciences",Yes,"Merit & need-based scholarships; University Diversity & Access Programs; Rackham Graduate Fellowships",Fall,https://apply.umich.edu,https://umich.edu,https://umich.edu/sites/default/files/2020-02/michigan-campus.jpg,https://umich.edu/sites/default/files/2019-09/ugo-campus-aerial.jpg,https://umich.edu/sites/default/files/2021-08/michigan-union.jpg,https://umich.edu/sites/default/files/styles/umich_3x2_800w/public/2022-07/block_M_maize.png,"GRE/GMAT required for most PG; SAT/ACT required for UG; test-optional available for some programs"
Johns Hopkins University,USA,Baltimore (MD),22,Private,"USD 63380/year (UG tuition); ~USD 86000/year (total CoA)",USD 70,"7.0+","100+ iBT",,3.5+,Nov 1 (ED I); Jan 2 (ED II & RD); Dec–Feb (PG),"Biomedical Engineering, Computer Science, Economics, Engineering, International Studies, Medicine, Natural Sciences, Nursing, Public Health, Social Sciences",Yes,"Need-based financial aid; Hodson Trust Scholarship; Bloomberg Distinguished Professorships; graduate fellowships",Fall,https://apply.jhu.edu,https://www.jhu.edu,https://www.jhu.edu/assets/themes/machina/images/homepage/hero/homepage-hero-humanities.jpg,https://www.jhu.edu/assets/themes/machina/images/homepage/hero/homepageimage-gilman-400.jpg,https://www.jhu.edu/assets/themes/machina/images/homepage/hero/Bloomberg-courtyard.jpg,https://www.jhu.edu/assets/uploads/2016/09/JH_University_Primary_logo_vertical_small_RGB.png,"Strong pre-med culture; GRE required for many PG programs; SAT/ACT required for UG"
Tsinghua University,China,Beijing,23,Public,CNY 26000–45000/year (~USD 3600–6200/year) for Chinese students; higher for international,None–USD 50,"6.0+","80+ iBT",,3.0+,March–May (PG); varies by program,"Architecture, Art, Computer Science, Economics, Engineering, Environmental Science, Law, Management, Natural Sciences, Physics, Social Sciences",Yes,"Tsinghua University Scholarship; CSC (Chinese Government) Scholarship; University-specific international scholarships",Fall (Sep),https://www.tsinghua.edu.cn/en/Admissions.htm,https://www.tsinghua.edu.cn,https://www.tsinghua.edu.cn/image/THUnews/2022/0202-1.jpg,https://www.tsinghua.edu.cn/image/THUnews/2021/0129-1.jpg,https://www.tsinghua.edu.cn/image/THUnews/2022/0202-2.jpg,https://www.tsinghua.edu.cn/image/logo/logo.png,"Most PG programs taught in Chinese; limited English-medium PG programs available; HSK required for Chinese-taught programs"
University of Melbourne,Australia,Melbourne,24,Public,AUD 40000–55000/year (UG Int'l); AUD 26000–53000/year (PG Int'l),AUD 100,"6.5–7.0 (program-specific)","79–100 iBT",,3.0 (4.0 scale),Dec 1 (UG); rolling (PG),"Architecture, Arts, Biomedical Sciences, Business, Commerce, Dentistry, Education, Engineering, Environments, Fine Arts, Law, Medicine, Music, Science, Veterinary Science",Yes,"Melbourne Research Scholarship; Melbourne International Fee Remission Scholarship; Graduate Research Scholarships; Arts faculty scholarships",Semester 1 (Mar); Semester 2 (Jul),https://study.unimelb.edu.au/how-to-apply,https://www.unimelb.edu.au,https://about.unimelb.edu.au/sites/default/files/styles/full_width_3x2/public/2019-05/Main-quadrangle-aerial.jpg,https://about.unimelb.edu.au/sites/default/files/styles/full_width_3x2/public/2019-05/South-Lawn-Parkville.jpg,https://about.unimelb.edu.au/sites/default/files/styles/full_width_3x2/public/2019-05/Union-Building.jpg,https://about.unimelb.edu.au/sites/default/files/styles/full_width_3x2/public/2019-05/UoM_Logo_RGB_Preferred.png,"Accepts PTE Academic; graduate coursework requires relevant UG degree; Juris Doctor for law (PG entry)"
Peking University,China,Beijing,25,Public,CNY 26000–45000/year (~USD 3600–6200) for Chinese; higher for Int'l,USD 50 (Int'l),"6.0+","79+ iBT",,3.0+,March–May (PG); Dec–April (UG),"Computer Science, Economics, Environmental Sciences, International Relations, Law, Management, Mathematics, Natural Sciences, Philosophy, Social Sciences",Yes,"Peking University Scholarship; Chinese Government Scholarship (CSC); Silk Road Scholarship",Fall (Sep),https://www.pku.edu.cn/International/Admissions/,https://www.pku.edu.cn,https://upload.wikimedia.org/wikipedia/commons/thumb/d/d4/Boya_Pagoda%2C_Peking_University.jpg/1280px-Boya_Pagoda%2C_Peking_University.jpg,https://upload.wikimedia.org/wikipedia/commons/thumb/c/c1/Weiming_Lake%2C_Peking_University%2C_2011042209.jpg/1280px-Weiming_Lake%2C_Peking_University%2C_2011042209.jpg,https://upload.wikimedia.org/wikipedia/commons/thumb/d/dc/Weiming_Lake_of_Peking_University_in_spring_03.jpg/1280px-Weiming_Lake_of_Peking_University_in_spring_03.jpg,https://www.pku.edu.cn/Portals/0/portal.png,"Most programs in Chinese; limited English-medium programs; Chinese language proficiency (HSK) required for Chinese-taught programs"
University of Toronto,Canada,Toronto (ON),26,Public,CAD 42000–56000/year (UG Int'l); CAD 26000–60000/year (PG Int'l),CAD 90 (UG); CAD 110 (PG),"6.5 min; 7.0+ for professional programs","100+ iBT",,3.0 (UG min); 3.3+ (PG),Mar 1–Jun 1 (PG); Nov–Feb (UG),"Architecture, Arts & Sciences, Business (Rotman MBA), Computer Science, Dentistry, Education, Engineering, Kinesiology, Law, Medicine, Music, Nursing, Pharmacy, Public Health, Social Work",Yes,"University of Toronto Scholarship; Lester B. Pearson Scholarship (UG Int'l full scholarship); Ontario Graduate Scholarship; UTSG Graduate Fellowships",Fall (Sep),https://admissions.utoronto.ca,https://www.utoronto.ca,https://www.utoronto.ca/sites/default/files/2020-12/hart-house.jpg,https://www.utoronto.ca/sites/default/files/2020-12/st-george-campus.jpg,https://www.utoronto.ca/sites/default/files/2021-02/robarts-library.jpg,https://www.utoronto.ca/sites/default/files/styles/utorontowide/public/2023-11/UofT_Logo_Signature_Stack_RGB.png,"GMAT/GRE required for MBA and some PG programs; Rotman MBA requires GMAT 660+"
University of Hong Kong (HKU),Hong Kong,Hong Kong,27,Public,HKD 145000/year (~USD 18500/year) (UG Int'l); HKD 120000–180000/year (PG Int'l),HKD 300 (UG); HKD 300–500 (PG),"6.5–7.0","80–100 iBT",,3.0+,Dec–Feb (UG); rolling (PG),"Architecture, Arts, Business Economics & Accounting, Dentistry, Education, Engineering, Law, Medicine, Science, Social Sciences",Yes,"HKU Foundation Scholarships; Vice-Chancellor's Achievement Award; Reaching Out Award for exchange; research postgraduate scholarships",Fall (Sep); Spring (Jan; for some PG),https://www.aal.hku.hk/admissions/undergraduate/,https://www.hku.hk,https://www.hku.hk/f/news_events/2020/3/6/7202-landscape-1024x683.jpg,https://www.hku.hk/f/news_events/2019/8/5/6399-landscape-1024x683.jpg,https://www.hku.hk/f/news_events/2019/7/1/6273-landscape-1024x683.jpg,https://www.hku.hk/f/page/1/hku-logo.png,"IELTS/TOEFL waived for UG from English-medium schools; JUPAS for local applicants; GMAT for MBA"
Australian National University (ANU),Australia,Canberra,28,Public,AUD 37248–47880/year (UG Int'l); AUD 27000–43000/year (PG Int'l),AUD 100,"6.5 min; 7.0 for some programs","80 iBT min; 94 for some",,3.0+,Sep–Nov (UG); rolling (PG),"Actuarial Studies, Arts, Business Administration, Computer Science, Engineering, Environment, Law, Medicine, Natural Sciences, Politics, Security Studies",Yes,"ANU Merit Scholarships; ANU Chancellor's International Scholarship; ANU PhD Scholarship; Stipend scholarships for research PG",Semester 1 (Feb); Semester 2 (Jul),https://www.anu.edu.au/study/apply,https://www.anu.edu.au,https://www.anu.edu.au/sites/default/files/2019-08/anu_campus_aerial.jpg,https://www.anu.edu.au/sites/default/files/2019-08/chifley_library.jpg,https://www.anu.edu.au/sites/default/files/2019-09/union-court.jpg,https://www.anu.edu.au/sites/default/files/styles/anu_wide/public/2022/anu_logo_0.png,"Research-intensive; located in national capital; PTE accepted; strong government/public policy programs"
University of Tokyo,Japan,Tokyo,29,Public,JPY 535800/year (~USD 3600/year) domestic; JPY 535800 (same for Int'l),JPY 30000 (admissions fee),"6.5+","79+ iBT",,3.0+,December–February (UG); varies (PG),"Agriculture, Architecture, Arts, Computer Science, Economics, Education, Engineering, Law, Medicine, Natural Sciences, Pharmaceutical Sciences, Social Sciences",Yes,"UTokyo Scholarship; JASSO Scholarship; MEXT Government Scholarship; university-specific international scholarships",Fall (Apr); Fall (Sep; for some Int'l PG),https://www.u-tokyo.ac.jp/en/admissions/,https://www.u-tokyo.ac.jp,https://www.u-tokyo.ac.jp/content/400115895.jpg,https://www.u-tokyo.ac.jp/content/400115898.jpg,https://www.u-tokyo.ac.jp/content/400115902.jpg,https://www.u-tokyo.ac.jp/content/400053528.gif,"Japanese language proficiency required for most UG programs; English-medium programs (PEAK; GSGC) available; low tuition even for int'l"
University of California Los Angeles (UCLA),USA,Los Angeles (CA),30,Public,"USD 13258/year (CA resident UG); USD 42754/year (non-resident UG); varies PG",USD 70 (UG); USD 105 (PG),"7.0+","87+ iBT",,3.0 (CA min); 3.5+ competitive,Nov 30 (UG); Dec–Mar (PG),"Architecture, Arts, Business (Anderson MBA), Computer Science, Education, Engineering, Law, Medicine, Natural Sciences, Nursing, Public Affairs, Social Sciences, Theater Film TV",Yes,"Regents Scholarship; Alumni Scholarship; Chancellor's Blue & Gold Scholarship; Anderson Fellowship for MBA",Fall,https://apply.universityofcalifornia.edu,https://www.ucla.edu,https://upload.wikimedia.org/wikipedia/commons/thumb/a/ab/Royce_Hall_-_Front_View.jpg/1280px-Royce_Hall_-_Front_View.jpg,https://newsroom.ucla.edu/sites/default/files/photos/2020/royce-hall-drone.jpg,https://newsroom.ucla.edu/sites/default/files/photos/2019/Powell_Library_drone.jpg,https://brand.ucla.edu/application/files/4816/0504/0002/logo-ucla.png,"UC system application; GRE/GMAT for many PG; strong athletics and arts programs; large public research university"
University of Manchester,UK,Manchester,31,Public,£22000–£35000/year (UG Int'l); £18000–£35000/year (PG Int'l),£75 (PG); UCAS (UG),"6.5 min; 7.0 for some","90+ iBT",,3.0+,Jan 31 (UG UCAS); rolling (PG),"Architecture, Arts & Humanities, Business (Alliance Manchester Business School MBA), Computer Science, Engineering, Environment, Law, Medicine, Natural Sciences, Social Sciences",Yes,"President's Doctoral Scholar Awards; Manchester Bursary; Global Futures Scholarship; Alumni Scholarship",Fall (Sep),https://www.manchester.ac.uk/study/postgraduate/admissions/,https://www.manchester.ac.uk,https://www.manchester.ac.uk/media/amxmedia/university-of-manchester-aerial-view.jpg,https://www.manchester.ac.uk/media/amxmedia/stopford-building.jpg,https://www.manchester.ac.uk/media/amxmedia/students-on-campus.jpg,https://www.manchester.ac.uk/medialibrary/logos/tumblr-the-university-of-manchester-logo.png,"Strong research university; GMAT for MBA; personal statement required; wide range of PG taught and research programs"
University of Sydney,Australia,Sydney,32,Public,AUD 40000–60000/year (UG Int'l); AUD 27000–50000/year (PG Int'l),AUD 100 (varies),"6.5 min; 7.0 for some","85 iBT min; 100 for some",,3.0+,Sep–Nov (UG Sem 1); April (Sem 2); rolling (PG),"Architecture, Arts, Business, Computer Science, Dentistry, Education, Engineering, Law, Medicine, Music, Natural Sciences, Nursing, Pharmacy, Social Sciences",Yes,"International Scholarship (up to AUD 40000); Postgraduate Research Scholarship; Sydney University Scholarships; Vice-Chancellor's Scholarship",Semester 1 (Feb); Semester 2 (Jul),https://sydney.edu.au/study/how-to-apply.html,https://www.sydney.edu.au,https://www.sydney.edu.au/content/dam/corporate/images/about/rankings/campus-main-quad.jpg,https://www.sydney.edu.au/content/dam/corporate/images/about/campus/quadrangle.jpg,https://www.sydney.edu.au/content/dam/corporate/images/about/campus/quad-autumn.jpg,https://www.sydney.edu.au/content/dam/corporate/images/logos/usyd-logo.png,"PTE accepted; GMAT required for MBA; strong medicine and law programs; research-intensive Go8 member"
University of British Columbia (UBC),Canada,Vancouver (BC),33,Public,CAD 38000–48000/year (UG Int'l); CAD 22000–45000/year (PG Int'l),CAD 75–102,"6.5 min; 7.0 for professional","90+ iBT",,3.0+,Nov 1 (UG); Dec–Mar (PG),"Applied Science, Arts, Business (Sauder MBA), Computer Science, Dentistry, Education, Engineering, Forestry, Law, Medicine, Music, Natural Sciences, Pharmacy, Social Work",Yes,"International Major Entrance Scholarship; Trek Excellence Scholarship; UBC Graduate Fellowship; 4-Year Fellowship (doctoral)",Fall (Sep); Jan (some programs),https://you.ubc.ca/applying-ubc/,https://www.ubc.ca,https://www.ubc.ca/assets/img/page-content/ubc-campus-aerial.jpg,https://www.ubc.ca/assets/img/page-content/ubc-campus-buildings.jpg,https://www.ubc.ca/assets/img/page-content/ubc-campus-library.jpg,https://www.ubc.ca/assets/img/logos/ubc-logo.png,"GMAT for MBA; SAT/ACT not required; 2 campuses (Vancouver & Okanagan); strong research culture"
Seoul National University (SNU),South Korea,Seoul,34,Public,KRW 4000000–6000000/year (~USD 3000–4500/year),KRW 60000 (~USD 45),"6.0–6.5","79–86 iBT",,3.0+,September–November (PG); Feb–May (UG Int'l),"Agriculture, Architecture, Arts, Business Administration, Computer Science, Dentistry, Economics, Education, Engineering, Environmental Science, Law, Medicine, Natural Sciences, Social Sciences",Yes,"Korean Government Scholarship Program (KGSP); SNU Global Scholarship; Research Scholarships; Brain Korea 21 Scholarship",Spring (Mar); Fall (Sep),https://en.snu.ac.kr/admission,https://en.snu.ac.kr,https://en.snu.ac.kr/sites/default/files/photos/homepage/campus.jpg,https://en.snu.ac.kr/sites/default/files/photos/homepage/main-library.jpg,https://en.snu.ac.kr/sites/default/files/photos/homepage/gwanak-campus.jpg,https://en.snu.ac.kr/sites/default/files/photos/homepage/snu_logo.png,"Korean language proficiency (TOPIK) required for Korean-taught programs; GMAT for MBA; English-medium programs available for Int'l"
University of New South Wales (UNSW Sydney),Australia,Sydney,35,Public,AUD 38000–55000/year (UG Int'l); AUD 25000–50000/year (PG Int'l),AUD 100,"6.5 min; 7.0 for some","80 iBT min; 90 for some",,3.0+,Sep–Nov (UG Sem 1); April (Sem 2); rolling (PG),"Architecture, Art & Design, Business, Computer Science, Engineering, Law, Medicine, Natural Sciences, Social Sciences, UNSW Canberra programs",Yes,"UNSW International Scholarship; Global Academic Award; Science International Scholarship; Scientia PhD Scholarship",Semester 1 (Feb); Semester 2 (Jul),https://www.unsw.edu.au/study/apply,https://www.unsw.edu.au,https://www.unsw.edu.au/content/dam/images/campus-aerial.jpg,https://www.unsw.edu.au/content/dam/images/library-exterior.jpg,https://www.unsw.edu.au/content/dam/images/quad.jpg,https://www.unsw.edu.au/content/dam/icons/unsw-logo.svg,"PTE accepted; GMAT for MBA; Go8 member; strong engineering programs; two campuses (Sydney & Canberra)"
University of California San Diego (UCSD),USA,San Diego (CA),36,Public,"USD 14312/year (CA resident UG); USD 44066/year (non-resident UG); varies PG",USD 70 (UG); USD 105 (PG),"7.0+","83+ iBT",,3.0,Nov 30 (UG); Dec–Feb (PG),"Biological Sciences, Business Analytics, Computer Science & Engineering, Economics, Engineering, Health Sciences, Marine Sciences, Mathematics, Natural Sciences, Oceanography, Social Sciences",Yes,"Regents Scholarship; Rady School Fellowship; Scripps Fellowships; Graduate Division Fellowship",Fall,https://apply.universityofcalifornia.edu,https://ucsd.edu,https://ucsd.edu/_images/ucsd-campus.jpg,https://ucsd.edu/_images/geisel-library.jpg,https://ucsd.edu/_images/price-center.jpg,https://ucsd.edu/images/ucsd-logo.png,"Geisel Library iconic landmark; strong STEM and ocean sciences; GRE/GMAT for some PG"
Kyoto University,Japan,Kyoto,37,Public,JPY 535800/year (~USD 3600/year),JPY 30000 (admissions fee),"6.0+","79+ iBT",,3.0+,December–February; varies by program,"Agriculture, Economics, Education, Engineering, Graduate School of Energy Science, Graduate School of Informatics, Integrated Human Studies, Law, Letters, Medicine, Natural Sciences, Pharmaceutical Sciences",Yes,"MEXT Government Scholarship; JASSO Scholarship; Kyoto University Scholarship; JSPS Research Fellowship for PG",Spring (Apr); Fall (Oct; some programs),https://www.kyoto-u.ac.jp/en/education/admissions,https://www.kyoto-u.ac.jp,https://www.kyoto-u.ac.jp/sites/default/files/2020-06/campus_summer.jpg,https://www.kyoto-u.ac.jp/sites/default/files/2020-10/clock_tower_autumn.jpg,https://www.kyoto-u.ac.jp/sites/default/files/2020-07/yoshida_campus.jpg,https://www.kyoto-u.ac.jp/sites/default/files/2021/ku_logo.gif,"Japanese language required for most UG; English-medium graduate programs available; very low tuition even for international"
London School of Economics and Political Science (LSE),UK,London,38,Public,£22000–£35000/year (UG Int'l); £20000–£35000/year (PG Int'l),£75 (PG); UCAS (UG),"7.0 standard; 7.5 for MSc Finance","107 iBT standard; 113 for MSc Finance",,3.3+,Jan 31 (UG UCAS); varies (PG),"Accounting, Anthropology, Economics, Finance, Geography, Government, International History, International Relations, Law, Management, Mathematics, Philosophy, Social Policy, Sociology, Statistics",Yes,"LSE PhD Studentships; Chevening Scholarships; Commonwealth Scholarship; LSE Postgraduate Financial Support",Fall (Sep),https://www.lse.ac.uk/study-at-lse/Undergraduate/how-to-apply,https://www.lse.ac.uk,https://www.lse.ac.uk/assets/richmedia/channels/publicLecturesAndEvents/photos/2016/LSEbuilding_external-710x400.jpg,https://www.lse.ac.uk/assets/richmedia/channels/publicLecturesAndEvents/photos/2017/Library-710x400.jpg,https://www.lse.ac.uk/assets/richmedia/channels/publicLecturesAndEvents/photos/2019/Bankside-710x400.jpg,https://www.lse.ac.uk/lse-information/assets/images/logos/lse-logo.png,"Social science specialist; GRE/GMAT for some PG; no STEM programs; strong quantitative social science research"
King's College London (KCL),UK,London,41,Public,£22500–£35000/year (UG Int'l); £18000–£32000/year (PG Int'l),£75 (PG); UCAS (UG),"6.5 min; 7.0 for some","92 iBT min; 100 for some",,3.0+,Jan 31 (UG UCAS); rolling (PG),"Arts & Humanities, Biomedical Sciences, Business, Computer Science, Dentistry, Education, Engineering, Law, Medicine, Natural Sciences, Nursing, Social Sciences",Yes,"King's Elite Scholarship; King's College London PhD Studentships; Excellence Scholarship; various departmental bursaries",Fall (Sep),https://www.kcl.ac.uk/study/undergraduate/applying,https://www.kcl.ac.uk,https://www.kcl.ac.uk/study/assets/images/campus-strand.jpg,https://www.kcl.ac.uk/study/assets/images/bush-house.jpg,https://www.kcl.ac.uk/study/assets/images/waterloo-bridge-wing.jpg,https://www.kcl.ac.uk/sites/default/files/styles/inline_image_large/public/2019-10/kcl-logo.png,"Medical school highly rated; GRE for some PG; UCAT for Medicine/Dentistry; central London campuses on Thames"
Monash University,Australia,Melbourne,42,Public,AUD 38000–50000/year (UG Int'l); AUD 26000–45000/year (PG Int'l),AUD 100,"6.0 min; 6.5 for some","80 iBT min",,3.0+,Sep–Nov (UG Sem 1); April (Sem 2); rolling (PG),"Arts, Business, Computer Science, Education, Engineering, Law, Medicine, Nursing, Pharmacy, Science, Social Sciences",Yes,"Monash International Merit Scholarship; Monash Graduate Excellence Scholarship; Dean's International Scholarship; research scholarships",Semester 1 (Feb); Semester 2 (Jul),https://www.monash.edu/study/how-to-apply,https://www.monash.edu,https://www.monash.edu/__data/assets/image/0011/1186701/campus-main.jpg,https://www.monash.edu/__data/assets/image/0008/1186690/campus-buildings.jpg,https://www.monash.edu/__data/assets/image/0005/1186700/library-exterior.jpg,https://www.monash.edu/themes/custom/monash/images/monash-logo.svg,"Go8 member; multiple campuses globally; PTE accepted; GMAT for MBA; strong pharmacy and medicine programs"
University of Amsterdam,Netherlands,Amsterdam,43,Public,€2314/year (EU); €12000–€22000/year (non-EU Int'l),€75 (PG),"6.5–7.0 (program-specific)","92–100 iBT",,3.0+,May–June (UG NL); Jan–April (Int'l UG); Nov–Apr (PG),"Actuarial Science, Arts & Humanities, Biomedical Sciences, Business, Communication, Computer Science, Economics & Business, Law, Natural Sciences, Social Sciences, Theology",Yes,"Amsterdam Merit Scholarships; Excellence Scholarship Program (ESP); Holland Scholarship; Erasmus+ grants",Fall (Sep),https://www.uva.nl/en/education/bachelor-s/applying-and-enrolment/applying-and-enrolment.html,https://www.uva.nl,https://www.uva.nl/binaries/content/gallery/uva/channel-image/2018/02/roeterseiland-campus-uva.jpg,https://www.uva.nl/binaries/content/gallery/uva/channel-image/2018/02/binnenstad-uva.jpg,https://www.uva.nl/binaries/content/gallery/uva/channel-image/2017/09/science-park-uva.jpg,https://www.uva.nl/binaries/content/gallery/uva/en/icons/uba-logo-footer.svg,"Most UG programs in Dutch; PG largely in English; numerus fixus (limited places) for popular programs; OV-chipkaart for students"
KU Leuven,Belgium,Leuven,45,Public,€960/year (Belgian EU); €4000–€12000/year (non-EU Int'l; program-dependent),€50 (PG),"7.0 (most PG English programs)","94+ iBT",,3.0+,Jan–March (UG); Dec–April (PG varies),"Architecture, Arts, Business Economics, Biomedical Sciences, Computer Science, Engineering, Law, Medicine, Natural Sciences, Philosophy, Social Sciences, Theology",Yes,"KU Leuven Doctoral Scholarships; IRO Scholarships; VLIR-UOS Scholarships; Belgian Development Cooperation Scholarships",Fall (Sep); limited Spring (Feb),https://www.kuleuven.be/english/admissions,https://www.kuleuven.be,https://www.kuleuven.be/sites/default/files/images/leuven-campus-aerial.jpg,https://www.kuleuven.be/sites/default/files/images/university-hall.jpg,https://www.kuleuven.be/sites/default/files/images/arenberg-campus.jpg,https://www.kuleuven.be/sites/default/files/images/kuleuven-logo.png,"Large portion of PG in Dutch; English-medium master's programs available; low EU tuition; research-intensive Catholic university"
Technical University of Munich (TUM),Germany,Munich,47,Public,€151.75/semester (~€303/year; same for all students; Bayern admin fee),None for most programs (€0),"7.0 (most English PG programs)","95+ iBT",,3.0+ (German GPA equiv),Nov 1–Dec 15 (PG TUM global); varies by program,"Architecture, Biochemistry, Business Administration, Chemistry, Civil Engineering, Computer Science, Economics, Electrical Engineering, Environmental Engineering, Management, Mathematics, Medicine, Physics",Yes,"Deutschlandstipendium; TUM Talent Management Scholarship; DAAD Scholarships; Bavarian State Scholarships",Winter (Oct); Summer (Apr),https://www.tum.de/en/studies/applying/,https://www.tum.de,https://www.tum.de/typo3temp/assets/images/csm_tum-main-building_2d94babd69.jpg,https://www.tum.de/typo3temp/assets/images/csm_tum-campus-garching_eb37e48a1f.jpg,https://www.tum.de/typo3temp/assets/images/csm_tum-weihenstephan_9c26c5c44f.jpg,https://www.tum.de/typo3temp/assets/images/csm_tum-logo_a1b2c3d4e5.jpg,"Near-zero tuition for all; many PG programs in English; strong engineering and business programs; DAAD scholarships widely available"
Carnegie Mellon University (CMU),USA,Pittsburgh (PA),50,Private,"USD 62148/year (UG tuition); varies widely by PG program (some up to USD 90000/year)",USD 75 (UG); USD 75–100 (PG),"7.0+","102+ iBT",,3.5+,Nov 1 (ED); Jan 3 (RD); Dec–Feb (PG),"Architecture, Biological Sciences, Business (Tepper MBA), Chemistry, Computer Science, Design, Drama, Engineering, Fine Arts, Information Systems, Mathematics, Music, Public Policy, Robotics",Yes,"Need-based financial aid; Carnegie Mellon Merit Scholarships; Steinbrenner Doctoral Fellowships; university fellowships",Fall,https://admission.cmu.edu,https://www.cmu.edu,https://www.cmu.edu/assets/images/campus/campus-aerial-2020.jpg,https://www.cmu.edu/assets/images/campus/hunt-library.jpg,https://www.cmu.edu/assets/images/campus/wean-hall.jpg,https://www.cmu.edu/assets/images/cmu-wordmark.png,"Highly competitive CS programs; GRE required for most STEM PG; SAT/ACT required for UG; strong arts+tech culture"
University of Edinburgh,UK,Edinburgh,20,Public,£25600–£35000/year (UG Int'l); £18000–£45000/year (PG Int'l),£75 (PG); UCAS (UG),"6.5–7.0","92–100 iBT",,3.3+,Jan 22 (UG UCAS); varies by PG program,"Architecture, Arts & Humanities, Business, Computer Science, Divinity, Engineering, Informatics, Law, Medicine, Natural Sciences, Social Sciences, Veterinary Medicine",Yes,"Edinburgh Global Scholarship; Principal's Career Development PhD Scholarship",Fall (Sep),https://www.ed.ac.uk/studying/postgraduate/applying,https://www.ed.ac.uk,https://www.ed.ac.uk/sites/default/files/atoms/files/old_college.jpg,https://www.ed.ac.uk/sites/default/files/atoms/files/main-library.jpg,https://www.ed.ac.uk/sites/default/files/atoms/files/george-square-campus.jpg,https://www.ed.ac.uk/sites/default/files/atoms/files/uoe-logo.png,"Personal statement; UCAT for Medicine; portfolio for arts"
University of Warwick,UK,Coventry,49,Public,£21000–£32000/year (UG Int'l); £16000–£28000/year (PG Int'l),£75 (PG); UCAS (UG),"6.5–7.0","92–100 iBT",,3.0+,Jan 31 (UG UCAS); rolling (PG),"Arts, Business (Warwick Business School MBA), Computer Science, Economics, Education, Engineering, Law, Life Sciences, Mathematics, Medicine, Philosophy, Social Sciences",Yes,"Chancellor's International Scholarship; Warwick Taught Masters Scholarships; PhD Studentships; STEM Scholarships",Fall (Sep),https://warwick.ac.uk/study/,https://www.warwick.ac.uk,https://www.warwick.ac.uk/newsandevents/image/warwick-aerial.jpg,https://www.warwick.ac.uk/newsandevents/image/warwick-library.jpg,https://www.warwick.ac.uk/newsandevents/image/warwick-main.jpg,https://www.warwick.ac.uk/sites/default/files/images/warwick-logo.png,"GMAT for MBA; personal statement required; strong economics and maths departments"
University of Wisconsin-Madison,USA,Madison (WI),46,Public,"USD 11070/year (WI resident UG); USD 39427/year (non-resident UG); varies PG",USD 60 (UG); USD 75 (PG),"6.5+","80+ iBT",,3.0,Nov 1 (EA); Feb 1 (RD); Dec–Feb (PG),"Agriculture, Arts & Sciences, Business (Wisconsin School of Business), Computer Science, Education, Engineering, Human Ecology, Journalism, Law, Medicine, Pharmacy, Natural Sciences, Veterinary Medicine",Yes,"Chancellor's Scholarship; Morgridge Center Scholarship; Graduate Fellowships; WARF Fellowships for doctoral",Fall,https://www.admissions.wisc.edu,https://www.wisc.edu,https://www.wisc.edu/wp-content/uploads/2020/09/campus-aerial.jpg,https://www.wisc.edu/wp-content/uploads/2020/09/memorial-library.jpg,https://www.wisc.edu/wp-content/uploads/2020/09/state-street.jpg,https://www.wisc.edu/wp-content/uploads/2021/10/uw-logo.png,"GRE required for many PG; strong research output; Big Ten university"
University of California Davis,USA,Davis (CA),48,Public,"USD 14312/year (CA resident UG); USD 44066/year (non-resident UG); varies PG",USD 70 (UG); USD 105 (PG),"7.0+","80+ iBT",,3.0,Nov 30 (UG); Jan–Mar (PG),"Agriculture, Biological Sciences, Business, Computer Science, Education, Engineering, Environmental Sciences, Law, Medicine, Natural Sciences, Social Sciences, Veterinary Medicine",Yes,"Regents Scholarship; UC Davis Scholarship; Graduate Division Fellowships",Fall,https://apply.universityofcalifornia.edu,https://www.ucdavis.edu,https://www.ucdavis.edu/sites/default/files/styles/sf_gallery_image/public/campus.jpg,https://www.ucdavis.edu/sites/default/files/styles/sf_gallery_image/public/library.jpg,https://www.ucdavis.edu/sites/default/files/styles/sf_gallery_image/public/memorial-union.jpg,https://www.ucdavis.edu/sites/default/files/images/ucdavis-wordmark-gold.png,"Strong agricultural and veterinary programs; GRE/GMAT for some PG; UC system application"
Delft University of Technology (TU Delft),Netherlands,Delft,51,Public,€2314/year (EU); €16000–€22000/year (non-EU Int'l),€75 (PG),"6.5–7.5 (program-specific)","90–100 iBT",,3.0+,Jan–April (PG varies),"Aerospace Engineering, Architecture, Applied Sciences, Chemical Engineering, Civil Engineering, Computer Science, Electrical Engineering, Industrial Design Engineering, Marine Technology, Mathematics, Mechanical Engineering",Yes,"Justus & Louise van Effen Excellence Scholarship; Delft Excellence Scholarship; NWO/KNAW Grants; Holland Scholarship",Fall (Sep),https://www.tudelft.nl/en/education/admission-and-application,https://www.tudelft.nl,https://www.tudelft.nl/fileadmin/Bestuur/02.%20Wetenschapsstaf/2020/campus-aerial.jpg,https://www.tudelft.nl/fileadmin/Bestuur/02.%20Wetenschapsstaf/2020/library-exterior.jpg,https://www.tudelft.nl/fileadmin/Bestuur/02.%20Wetenschapsstaf/2020/aerospace-building.jpg,https://www.tudelft.nl/typo3conf/ext/tudelft_template/Resources/Public/Images/TUDelft_logo_black.png,"Most UG in Dutch; PG largely in English; strong global engineering reputation; GRE not typically required"
Duke University,USA,Durham (NC),53,Private,"USD 63054/year (UG tuition); ~USD 85000/year (total CoA)",USD 85,"7.0+","100+ iBT",,3.7+,Nov 1 (ED); Jan 3 (RD); Dec–Feb (PG),"Arts & Sciences, Business (Fuqua MBA), Computer Science, Economics, Engineering, Environment, Global Health, Law, Medicine, Natural Sciences, Public Policy, Social Sciences",Yes,"Need-based financial aid; Karsh International Scholarship; Angier B. Duke Memorial Scholarship; university fellowships",Fall,https://admissions.duke.edu,https://www.duke.edu,https://today.duke.edu/sites/default/files/2020/04/campus-aerial.jpg,https://today.duke.edu/sites/default/files/2020/04/duke-chapel.jpg,https://today.duke.edu/sites/default/files/2020/04/main-quad.jpg,https://today.duke.edu/sites/default/files/2021/02/duke-logo-blue.png,"Strong medical and business schools; SAT/ACT required; GMAT/GRE for Fuqua MBA; need-blind for US citizens"
University of Toronto (Scarborough),Canada,Toronto (ON),26,Public,CAD 42000–56000/year (UG Int'l),CAD 90,"6.5 min","100+ iBT",,3.0+,Feb 1 (UG); rolling (PG),"Arts & Science, Computer Science, Management, Environmental Science, Humanities, Social Sciences, Life Sciences",Yes,"U of T International Scholarship; Lester B. Pearson Scholarship",Fall (Sep),https://utsc.utoronto.ca/registrar/admissions,https://www.utsc.utoronto.ca,https://www.utsc.utoronto.ca/sites/default/files/styles/large/public/campus-aerial.jpg,https://www.utsc.utoronto.ca/sites/default/files/styles/large/public/campus-morning.jpg,https://www.utsc.utoronto.ca/sites/default/files/styles/large/public/library.jpg,https://www.utsc.utoronto.ca/sites/default/files/styles/large/public/utsc-logo.png,"Satellite campus of University of Toronto; strong computer science and management programs"
Northwestern University,USA,Evanston (IL),55,Private,"USD 63468/year (UG tuition); ~USD 85000/year (total CoA)",USD 75,"7.0+","100+ iBT",,3.7+,Nov 1 (ED); Jan 2 (RD); Dec–Feb (PG),"Business (Kellogg MBA), Computer Science, Economics, Education & Social Policy, Engineering, Journalism, Law, Medicine, Music, Natural Sciences, Social Sciences, Theatre",Yes,"Need-based financial aid; Northwestern Scholarship; Kellogg Merit Fellowships; university fellowships and stipends for PG",Fall,https://admissions.northwestern.edu,https://www.northwestern.edu,https://www.northwestern.edu/about/images/lakefill-aerial.jpg,https://www.northwestern.edu/about/images/norris-university-center.jpg,https://www.northwestern.edu/about/images/arch.jpg,https://www.northwestern.edu/about/images/nu-logo.png,"Quarter system; Kellogg MBA highly ranked; SAT/ACT required for UG; journalism school top-ranked"
University of Melbourne (additional campus info),Australia,Melbourne,24,Public,AUD 40000–55000/year (UG Int'l),AUD 100,"6.5–7.0","79–100 iBT",,3.0+,Dec 1 (UG); rolling (PG),"Architecture, Arts, Biomedical Sciences, Business Commerce, Education, Engineering, Law, Medicine, Music, Science",Yes,"Melbourne International Fee Remission; Melbourne Research Scholarship",Semester 1 (Mar); Semester 2 (Jul),https://study.unimelb.edu.au/how-to-apply,https://www.unimelb.edu.au,https://about.unimelb.edu.au/sites/default/files/unimelb-campus-overview.jpg,https://about.unimelb.edu.au/sites/default/files/unimelb-baillieu-library.jpg,https://about.unimelb.edu.au/sites/default/files/unimelb-student-union.jpg,https://about.unimelb.edu.au/sites/default/files/unimelb-logo-stacked.png,"Entry via Melbourne Model; most UG programs are generalist; PG professional degrees follow"
University of Glasgow,UK,Glasgow,78,Public,£22800–£32000/year (UG Int'l); £16000–£26000/year (PG Int'l),£75 (PG); UCAS (UG),"6.5 min; 7.0 for some","90+ iBT",,3.0+,Jan 31 (UG UCAS); rolling (PG),"Arts & Humanities, Business, Computer Science, Engineering, Law, Medicine, Natural Sciences, Social Sciences, Veterinary Medicine",Yes,"University of Glasgow Excellence Scholarship; Scottish Government Scholarships; PhD Studentships",Fall (Sep),https://www.gla.ac.uk/undergraduate/,https://www.gla.ac.uk,https://www.gla.ac.uk/media/Media_574088_smxx.jpg,https://www.gla.ac.uk/media/Media_618892_smxx.jpg,https://www.gla.ac.uk/media/Media_614521_smxx.jpg,https://www.gla.ac.uk/3t4/img/hd_img/macintosh_building.jpg,"Russell Group member; personal statement required; UCAT for medicine; strong arts and humanities"
University of Bristol,UK,Bristol,54,Public,£22500–£32500/year (UG Int'l); £16000–£28000/year (PG Int'l),£75 (PG); UCAS (UG),"6.5–7.0","92–100 iBT",,3.0+,Jan 31 (UG UCAS); rolling (PG),"Arts, Biomedical Sciences, Business, Computer Science, Education, Engineering, Law, Medicine, Natural Sciences, Social Sciences, Veterinary Science",Yes,"Think Big Scholarships; Bristol University Global Scholarship; research studentships",Fall (Sep),https://www.bristol.ac.uk/study/undergraduate/,https://www.bristol.ac.uk,https://www.bristol.ac.uk/media-library/sites/public-affairs/images/campus-aerial.jpg,https://www.bristol.ac.uk/media-library/sites/public-affairs/images/wills-memorial-building.jpg,https://www.bristol.ac.uk/media-library/sites/public-affairs/images/arts-complex.jpg,https://www.bristol.ac.uk/media-library/sites/public-affairs/images/bristol-logo.png,"Russell Group member; UCAT for medicine; GMAT for MBA; strong aerospace and engineering programs"
McGill University,Canada,Montreal (QC),111,Public,CAD 22000–30000/year (UG Int'l); CAD 15000–30000/year (PG Int'l),CAD 125 (UG); CAD 125 (PG),"6.5 min; 7.0 for professional","86+ iBT",,3.0+,Jan 15 (UG); rolling (PG),"Agriculture, Architecture, Arts, Computer Science, Dentistry, Education, Engineering, Environmental Sciences, Law, Management (Desautels MBA), Medicine, Music, Natural Sciences, Nursing, Social Work",Yes,"McGill University Merit Scholarship; Entrance Bursaries; Schulich Leader Scholarship; graduate fellowships",Fall (Sep); Winter (Jan; some programs),https://www.mcgill.ca/undergraduate-admissions/,https://www.mcgill.ca,https://www.mcgill.ca/campusinfo/sites/default/files/images/campus-aerial.jpg,https://www.mcgill.ca/campusinfo/sites/default/files/images/arts-building.jpg,https://www.mcgill.ca/campusinfo/sites/default/files/images/mcgill-campus-winter.jpg,https://www.mcgill.ca/campusinfo/sites/default/files/images/mcgill-logo.png,"Bilingual (EN/FR) campus; GMAT for MBA; MCAT for Medicine; strong research culture"
Université PSL (Paris Sciences et Lettres),France,Paris,63,Public,€170/year (EU); €2770–€6500/year (non-EU Int'l),€40–€80,"6.5 (most English PG)","90+ iBT",,3.0+,Jan–April (UG); Nov–April (PG),"Arts & Humanities, Biology, Chemistry, Computer Science, Cultural Heritage, Economics, Engineering, Mathematics, Natural Sciences, Philosophy, Physics, Social Sciences",Yes,"Erasmus+ Grants; French Government Scholarship (Eiffel); Ile-de-France Regional Scholarships; FSDIE Aid",Fall (Sep),https://www.psl.eu/en/education/admission,https://www.psl.eu,https://www.psl.eu/sites/default/files/inline-images/campus-main.jpg,https://www.psl.eu/sites/default/files/inline-images/ecole-normale.jpg,https://www.psl.eu/sites/default/files/inline-images/mines-paris.jpg,https://www.psl.eu/sites/default/files/inline-images/psl-logo.png,"Federation of elite grandes écoles and universities; many programs in French; Eiffel Scholarship for Int'l students"
University of Auckland,New Zealand,Auckland,87,Public,NZD 30000–46000/year (UG Int'l); NZD 28000–40000/year (PG Int'l),NZD 80,"6.0–7.0","90+ iBT",,3.0+,Sep–Oct (UG Sem 1 Mar); Feb–April (Sem 2 Jul); rolling (PG),"Architecture, Arts, Business (MBA), Computer Science, Creative Arts, Education, Engineering, Health Sciences, Law, Medicine, Natural Sciences, Science, Social Sciences",Yes,"University of Auckland International Student Excellence Scholarship; Faculty Scholarships; Research Masters Scholarships",Semester 1 (Mar); Semester 2 (Jul),https://www.auckland.ac.nz/en/study/admission.html,https://www.auckland.ac.nz,https://www.auckland.ac.nz/content/dam/uoa/auckland/about/campus-life/campus-aerial.jpg,https://www.auckland.ac.nz/content/dam/uoa/auckland/about/campus-life/clock-tower.jpg,https://www.auckland.ac.nz/content/dam/uoa/auckland/about/campus-life/library-kate-edgar.jpg,https://www.auckland.ac.nz/content/dam/uoa/auckland/about/university/uoa-logo-2015.png,"New Zealand's largest university; GMAT for MBA; strong business and engineering programs; post-study work visa available"
University of São Paulo (USP),Brazil,São Paulo,108,Public,BRL 0 (free for Brazilian nationals); variable for Int'l,None (free),"6.0 (some Int'l programs)","79+ iBT (some programs)",,3.0+,October–December (UG via FUVEST); varies (PG),"Agronomy, Architecture, Arts, Biology, Business, Chemistry, Computer Science, Dentistry, Economics, Engineering, Forestry, Law, Medicine, Music, Natural Sciences, Nursing, Philosophy, Physics",Yes,"FAPESP Research Scholarships; CAPES Scholarships; CNPq Scholarships; USP Scholarships for Int'l students",Varies (UG Feb; PG Feb & Aug),https://www.usp.br/site/?page_id=39,https://www.usp.br,https://www5.usp.br/wp-content/uploads/Fachada_campus_USP_BW.jpg,https://www5.usp.br/wp-content/uploads/biblioteca-central.jpg,https://www5.usp.br/wp-content/uploads/reitoria_usp.jpg,https://www5.usp.br/wp-content/uploads/logo-usp.png,"Most UG programs in Portuguese; some English-medium PG programs; Brazil's top research university"
University of Queensland (UQ),Australia,Brisbane,53,Public,AUD 38000–50000/year (UG Int'l); AUD 25000–46000/year (PG Int'l),AUD 100,"6.5 min; 7.0 for some","87 iBT min",,3.0+,Sep–Nov (UG Sem 1); April (Sem 2); rolling (PG),"Agriculture, Architecture, Arts, Business, Computer Science, Education, Engineering, Health Sciences, Law, Medicine, Music, Natural Sciences, Pharmacy, Psychology, Social Sciences, Veterinary Science",Yes,"UQ International Scholarship; UQ Excellence Award; Graduate Research Scholarships (stipend)",Semester 1 (Feb); Semester 2 (Jul),https://study.uq.edu.au/admissions,https://www.uq.edu.au,https://www.uq.edu.au/sites/default/files/styles/hero/public/2020/campus-aerial.jpg,https://www.uq.edu.au/sites/default/files/styles/hero/public/2020/great-court.jpg,https://www.uq.edu.au/sites/default/files/styles/hero/public/2020/main-library.jpg,https://www.uq.edu.au/sites/default/files/styles/hero/public/2021/uq-logo.png,"Go8 member; GMAT for MBA; strong biological and environmental sciences; multiple campuses"
Osaka University,Japan,Osaka,68,Public,JPY 535800/year (~USD 3600/year),JPY 30000 (admissions fee),"6.0+","79+ iBT",,3.0+,December–February; varies by program,"Engineering, Human Sciences, Language & Culture, Law, Letters, Medicine, Natural Sciences, Pharmaceutical Sciences, Science",Yes,"MEXT Scholarship; JASSO Scholarship; Osaka University Scholarship; Monbukagakusho Scholarship",Spring (Apr); Fall (Oct; some programs),https://www.osaka-u.ac.jp/en/education/admissions,https://www.osaka-u.ac.jp,https://www.osaka-u.ac.jp/ja/news/topics/2019/05/campusphoto/img01.jpg,https://www.osaka-u.ac.jp/ja/news/topics/2019/05/campusphoto/img02.jpg,https://www.osaka-u.ac.jp/ja/news/topics//2019/campus-main.jpg,https://www.osaka-u.ac.jp/en/shared/img/osaka-u-logo.gif,"Japanese required for most UG; English PG programs available; low tuition for international"
University of Sydney,Australia,Sydney,32,Public,AUD 40000–60000/year (UG Int'l),AUD 100,"6.5–7.0","85–100 iBT",,3.0+,Sep–Nov (UG Sem 1); April (Sem 2),"Arts, Business, Computer Science, Dentistry, Education, Engineering, Law, Medicine, Music, Natural Sciences, Nursing, Pharmacy, Science, Social Sciences",Yes,"International Scholarship; Postgraduate Research Scholarship; Vice-Chancellor's Scholarship",Semester 1 (Feb); Semester 2 (Jul),https://sydney.edu.au/study/how-to-apply.html,https://www.sydney.edu.au,https://www.sydney.edu.au/content/dam/corporate/images/about/rankings/campus-main-quad.jpg,https://www.sydney.edu.au/content/dam/corporate/images/about/campus/quadrangle.jpg,https://www.sydney.edu.au/content/dam/corporate/images/about/campus/quad-autumn.jpg,https://www.sydney.edu.au/content/dam/corporate/images/logos/usyd-logo.png,"PTE accepted; GMAT for MBA; Go8 member; strong medicine and law"
Brown University,USA,Providence (RI),57,Private,"USD 65146/year (UG tuition); ~USD 85000/year (total CoA)",USD 75,"7.0+","100+ iBT",,3.7+,Nov 1 (ED); Jan 5 (RD); Dec–Feb (PG),"Computational Biology, Computer Science, Economics, Engineering, Humanities, International Relations, Neuroscience, Physics, Public Health, Social Sciences",Yes,"Need-based financial aid; Brown University Scholarship; Sheridan Scholar; graduate fellowships",Fall,https://admission.brown.edu,https://www.brown.edu,https://www.brown.edu/about/sites/about/files/campus-aerial.jpg,https://www.brown.edu/about/sites/about/files/sci-library.jpg,https://www.brown.edu/about/sites/about/files/college-green.jpg,https://www.brown.edu/sites/default/files/brown-logo.png,"Open Curriculum (no core requirements); SAT/ACT required; ED binding; strong creative culture"
Dartmouth College,USA,Hanover (NH),58,Private,"USD 62658/year (UG tuition); ~USD 84000/year (total CoA)",USD 80,"7.0+","100+ iBT",,3.7+,Nov 1 (ED); Jan 3 (RD); various (PG),"Arts & Sciences, Business (Tuck MBA), Computer Science, Economics, Engineering, Medicine, Natural Sciences, Social Sciences",Yes,"Need-based financial aid; Dartmouth Scholarship; Tuck Business Bridge scholarship; graduate fellowships",Fall,https://admissions.dartmouth.edu,https://www.dartmouth.edu,https://upload.wikimedia.org/wikipedia/commons/thumb/c/c8/Dartmouth_College_campus_2007-06-23_Baker_Memorial_Library_02.JPG/1280px-Dartmouth_College_campus_2007-06-23_Baker_Memorial_Library_02.JPG,https://upload.wikimedia.org/wikipedia/commons/thumb/4/45/Dartmouth_College_campus_2007-10-20_10.JPG/1280px-Dartmouth_College_campus_2007-10-20_10.JPG,https://upload.wikimedia.org/wikipedia/commons/thumb/8/85/Dartmouth_Hall_-_Dartmouth_College_-_DSC01608.jpg/1280px-Dartmouth_Hall_-_Dartmouth_College_-_DSC01608.jpg,https://home.dartmouth.edu/sites/default/files/2021-07/dartmouth-logo.png,"Ivy League; D-plan quarter system; small college feel; Tuck MBA highly ranked; GMAT required for Tuck"
Vanderbilt University,USA,Nashville (TN),301–350,Private,"USD 60348/year (UG tuition); ~USD 82000/year (total CoA)",USD 50,"7.0+","100+ iBT",,3.5+,Nov 1 (ED/EA); Jan 1 (RD); varies (PG),"Education & Human Development, Engineering, Fine Arts, Graduate School of Arts & Science, Law, Management (Owen MBA), Medicine, Natural Sciences, Nursing, Peabody College, Social Sciences",Yes,"Ingram Scholars; Cornelius Vanderbilt Scholarship (merit-based full scholarship); need-based financial aid",Fall,https://admissions.vanderbilt.edu,https://www.vanderbilt.edu,https://www.vanderbilt.edu/about/images/campus-aerial.jpg,https://www.vanderbilt.edu/about/images/library.jpg,https://www.vanderbilt.edu/about/images/kirkland-hall.jpg,https://www.vanderbilt.edu/about/images/vanderbilt-logo.png,"Merit and need-based aid; strong medical school; GMAT for Owen MBA; SAT/ACT required"
University of North Carolina Chapel Hill,USA,Chapel Hill (NC),97,Public,"USD 7693/year (NC resident UG); USD 36699/year (non-resident UG); varies PG",USD 80 (UG); USD 85 (PG),"7.0+","90+ iBT",,3.0,Jan 15 (UG RD); Nov 1 (EA); Dec–Feb (PG),"Arts & Sciences, Business (Kenan-Flagler MBA), Computer Science, Dentistry, Education, Environment, Journalism, Law, Medicine, Natural Sciences, Nursing, Pharmacy, Public Health, Social Work",Yes,"Carolina Covenant (need-based); Morehead-Cain Scholarship; UNC Merit Scholarships; graduate fellowships",Fall,https://admissions.unc.edu,https://www.unc.edu,https://www.unc.edu/wp-content/uploads/2019/09/campus-aerial.jpg,https://www.unc.edu/wp-content/uploads/2019/09/south-building.jpg,https://www.unc.edu/wp-content/uploads/2019/09/bell-tower.jpg,https://www.unc.edu/wp-content/uploads/2021/09/unc-logo.png,"AAU member; strong journalism and public health programs; GMAT for Kenan-Flagler MBA"
Rice University,USA,Houston (TX),119,Private,"USD 56360/year (UG tuition); ~USD 78000/year (total CoA)",USD 75,"7.0+","102+ iBT",,3.7+,Nov 1 (ED); Jan 4 (RD); Dec–Feb (PG),"Architecture, Business (Jones MBA), Computer Science, Economics, Engineering, Humanities, Music, Natural Sciences, Social Sciences",Yes,"Need-based financial aid; Rice University Scholarship; Trustee Distinguished Scholarship; Jones School fellowships",Fall,https://admission.rice.edu,https://www.rice.edu,https://www.rice.edu/sites/g/files/bxs4821/files/2020-12/campus-aerial.jpg,https://www.rice.edu/sites/g/files/bxs4821/files/2020-12/lovett-hall.jpg,https://www.rice.edu/sites/g/files/bxs4821/files/2020-12/fondren-library.jpg,https://www.rice.edu/sites/g/files/bxs4821/files/2021-09/rice-logo.png,"Very small private research university; very high aid; SAT/ACT required; strong engineering and architecture"
Georgia Institute of Technology (Georgia Tech),USA,Atlanta (GA),83,Public,"USD 12420/year (GA resident UG); USD 33796/year (non-resident UG); varies PG",USD 75,"7.0+","95+ iBT",,3.3,Oct 15 (GA residents EA); Nov 3 (non-GA EA); Jan 5 (RD); Dec–Feb (PG),"Aerospace Engineering, Architecture, Biological Sciences, Business, Chemical Engineering, Computer Science, Electrical Engineering, Industrial Engineering, Mathematics, Materials Science, Mechanical Engineering, Physics",Yes,"President's Scholars Program; Stamps President's Scholarship; GEM Fellowships; graduate assistantships",Fall,https://admission.gatech.edu,https://www.gatech.edu,https://www.gatech.edu/sites/default/files/2020-06/campus-aerial.jpg,https://www.gatech.edu/sites/default/files/2020-06/tech-tower.jpg,https://www.gatech.edu/sites/default/files/2020-06/clough-commons.jpg,https://www.gatech.edu/sites/default/files/2021-09/georgia-tech-logo.png,"Strong public tech university; GRE required for most PG; GMAT for Scheller MBA; large co-op program"
University of Tokyo (graduate programs),Japan,Tokyo,29,Public,JPY 535800/year (~USD 3600/year),JPY 30000,"6.0–6.5","79–86 iBT",,3.0+,October–February (PG varies),"Engineering, Information Science & Technology, Interdisciplinary Studies, International Studies, Law & Politics, Medicine, Pharmaceutical Sciences, Public Policy",Yes,"MEXT Scholarship; UTokyo Scholarship; JSPS fellowship; university international scholarships",Spring (Apr); Fall (Sep),https://www.u-tokyo.ac.jp/en/admissions/graduate/,https://www.u-tokyo.ac.jp,https://www.u-tokyo.ac.jp/content/400115895.jpg,https://www.u-tokyo.ac.jp/content/400115898.jpg,https://www.u-tokyo.ac.jp/content/400115902.jpg,https://www.u-tokyo.ac.jp/content/400053528.gif,"MEXT scholarship highly competitive; English-medium grad programs: GSGC; PEAK for undergrad; very low tuition"
Pennsylvania State University,USA,University Park (PA),125,Public,"USD 18454/year (PA resident UG); USD 38660/year (non-resident UG); varies PG",USD 65 (UG); USD 65 (PG),"6.5+","80+ iBT",,3.0,Nov 1 (EA); Feb 1 (RD); Dec–Feb (PG),"Agriculture, Arts & Architecture, Business (Smeal MBA), Communication Arts & Sciences, Computer Science & Engineering, Education, Engineering, Health & Human Development, Information Sciences, Liberal Arts, Medicine, Natural Sciences, Nursing",Yes,"Penn State University Scholarship; President's Freshman Award; Graduate Fellowships; Schreyer Honors College",Fall,https://admissions.psu.edu,https://www.psu.edu,https://www.psu.edu/img/cgi-bin/news/newsphotos/2020/university-park-campus-aerial.jpg,https://www.psu.edu/img/cgi-bin/news/newsphotos/2020/old-main.jpg,https://www.psu.edu/img/cgi-bin/news/newsphotos/2020/pattee-library.jpg,https://www.psu.edu/cms/images/PSU_HorizFull_RGB.jpg,"Large land-grant university; GRE/GMAT for many PG; strong meteorology and geosciences programs"
University of Arizona,USA,Tucson (AZ),601–650,Public,"USD 12734/year (AZ resident UG); USD 37368/year (non-resident UG); varies PG",USD 50 (UG),"7.0+","79+ iBT",,3.0,Feb 1 (UG); rolling (PG),"Agriculture, Architecture, Business (Eller MBA), Computer Science, Education, Engineering, Fine Arts, Geosciences, Law, Medicine, Natural Sciences, Nursing, Pharmacy, Public Health, Social Sciences",Yes,"National Merit Scholarship; University of Arizona Excellence Scholarships; GPSC Research Grants; graduate assistantships",Fall; Spring (some programs),https://admissions.arizona.edu,https://www.arizona.edu,https://www.arizona.edu/sites/default/files/styles/hero/public/2020/campus-aerial.jpg,https://www.arizona.edu/sites/default/files/styles/hero/public/2020/old-main.jpg,https://www.arizona.edu/sites/default/files/styles/hero/public/2020/main-library.jpg,https://www.arizona.edu/sites/default/files/images/arizona-logo.png,"Steele Children's Research Center; strong astronomy and optical sciences; GMAT for Eller MBA"
KAIST (Korea Advanced Institute of Science and Technology),South Korea,Daejeon,56,Public,KRW 4000000–7000000/year (~USD 3000–5000/year),KRW 60000 (~USD 45),"6.5+","83+ iBT",,3.0+,October–December (PG); March (UG),"Aerospace Engineering, Biological Sciences, Business & Technology Management, Chemistry, Civil Engineering, Computer Science, Electrical Engineering, Industrial Design, Mathematics, Mechanical Engineering, Physics",Yes,"KAIST Scholarship (covers full tuition + stipend for most domestic students); International Scholarships; GIST scholarships; Korean Government Scholarship (KGSP)",Spring (Mar); Fall (Sep),https://www.kaist.ac.kr/en/html/education/01.html,https://www.kaist.ac.kr,https://www.kaist.ac.kr/img/etc/kaist_campus.jpg,https://www.kaist.ac.kr/img/etc/kaist_library.jpg,https://www.kaist.ac.kr/img/etc/kaist_main_building.jpg,https://www.kaist.ac.kr/img/etc/kaist-logo.png,"Very affordable; most PG in English; full scholarship for most domestic PG; research-intensive STEM university"
University of Southampton,UK,Southampton,78,Public,£19400–£28000/year (UG Int'l); £15000–£25000/year (PG Int'l),£75 (PG); UCAS (UG),"6.5 min; 7.0 for some","90+ iBT",,3.0+,Jan 31 (UG UCAS); rolling (PG),"Actuarial Science, Computer Science, Economics, Education, Engineering, Health Sciences, Law, Mathematics, Natural Sciences, Nursing, Oceanography, Social Sciences",Yes,"University of Southampton International Scholarship; Vice-Chancellor's Award; Southampton Doctoral Scholarships",Fall (Sep),https://www.southampton.ac.uk/study/applying,https://www.southampton.ac.uk,https://www.southampton.ac.uk/sites/default/files/images/campus-aerial.jpg,https://www.southampton.ac.uk/sites/default/files/images/library.jpg,https://www.southampton.ac.uk/sites/default/files/images/student-union.jpg,https://www.southampton.ac.uk/sites/default/files/images/southampton-logo.png,"Russell Group member; strong engineering and oceanography; National Oceanography Centre on campus"
University of Auckland,New Zealand,Auckland,87,Public,NZD 30000–46000/year (UG Int'l),NZD 80,"6.0–7.0","90+ iBT",,3.0+,Sep–Oct (UG Sem 1); Feb–April (Sem 2); rolling (PG),"Architecture, Arts, Business, Computer Science, Creative Arts, Education, Engineering, Health Sciences, Law, Medicine, Natural Sciences, Social Sciences",Yes,"UQ International Student Excellence Scholarship; Faculty Scholarships; Research Masters Scholarships",Semester 1 (Mar); Semester 2 (Jul),https://www.auckland.ac.nz/en/study/admission.html,https://www.auckland.ac.nz,https://www.auckland.ac.nz/content/dam/uoa/auckland/about/campus-life/campus-aerial.jpg,https://www.auckland.ac.nz/content/dam/uoa/auckland/about/campus-life/clock-tower.jpg,https://www.auckland.ac.nz/content/dam/uoa/auckland/about/campus-life/library.jpg,https://www.auckland.ac.nz/content/dam/uoa/auckland/about/university/uoa-logo-2015.png,"Post-study work visa 3 years; GMAT for MBA; New Zealand's largest university"
University of Helsinki,Finland,Helsinki,107,Public,€0 (EU/EEA); €10000–€18000/year (non-EU Int'l),€100 (non-EU PG),"6.5 (most English programs)","92+ iBT",,3.0+,Dec–Jan (PG); varies (UG Int'l),"Biological and Environmental Sciences, Computer Science, Economics, Education, Humanities, Law, Mathematics, Medicine, Pharmacy, Social Sciences, Theology",Yes,"University of Helsinki Scholarship Programme (covers tuition + EUR 6000/year living grant); Erasmus+ grants",Fall (Sep),https://www.helsinki.fi/en/admissions,https://www.helsinki.fi,https://www.helsinki.fi/sites/default/files/styles/hero_image_4_3/public/images/2018-10/helsinki_campus.jpg,https://www.helsinki.fi/sites/default/files/styles/hero_image_4_3/public/images/2018-10/main-building.jpg,https://www.helsinki.fi/sites/default/files/styles/hero_image_4_3/public/images/2018-10/library.jpg,https://www.helsinki.fi/sites/default/files/styles/hero_image_4_3/public/images/2018-10/uh-logo.png,"No tuition for EU students; Finnish language required for Finnish-taught programs; strong medicine and natural sciences"
University of Copenhagen,Denmark,Copenhagen,121,Public,DKK 0 (EU/EEA); DKK 74000–150000/year (~USD 10500–22000/year) for non-EU,None (EU); DKK 750 (non-EU),"6.5–7.0","83–100 iBT",,3.0+,March 1 (UG); Dec–Feb (PG),"Biology, Chemistry, Computer Science, Economics, Education, Humanities, Law, Medicine, Natural Sciences, Pharmacy, Political Science, Social Sciences, Theology",Yes,"Danish Government Scholarship; UCPH Scholarship for non-EU Int'l students; Erasmus+ Mobility Grants",Fall (Sep),https://www.ku.dk/english/education/,https://www.ku.dk,https://www.ku.dk/english/news/2019/img/copehagen-university-campus.jpg,https://www.ku.dk/english/news/2019/img/library-exterior.jpg,https://www.ku.dk/english/news/2019/img/main-building.jpg,https://www.ku.dk/english/news/2019/img/ku-logo.png,"Free tuition for EU students; Danish required for most UG; PG mostly in English; strong medicine and natural sciences"
POSTECH (Pohang University of Science and Technology),South Korea,Pohang,100,Public,KRW 5000000/year (~USD 3700/year),KRW 60000,"6.0+","79+ iBT",,3.0+,October–December (PG); March (UG),"Chemical Engineering, Computer Science, Electrical Engineering, Industrial Management Engineering, Life Sciences, Materials Science, Mathematics, Mechanical Engineering, Physics",Yes,"POSTECH Scholarship (full tuition for most students); International Exchange Scholarships; Korean Government Scholarship",Spring (Mar); Fall (Sep),https://postech.ac.kr/eng/admissions/,https://www.postech.ac.kr,https://postech.ac.kr/eng/wp-content/uploads/2020/08/postech-campus.jpg,https://postech.ac.kr/eng/wp-content/uploads/2020/08/postech-library.jpg,https://postech.ac.kr/eng/wp-content/uploads/2020/08/postech-main.jpg,https://postech.ac.kr/eng/wp-content/uploads/2020/08/postech-logo.png,"Small research-only STEM university; nearly all students receive full scholarship; strong physics and chemistry"
University of Zurich,Switzerland,Zurich,109,Public,CHF 1580/semester (~CHF 3160/year; same for all students),CHF 200 (PG),"6.0–7.0 (program-specific)","95+ iBT",,3.0+,November–April (PG varies),"Arts & Humanities, Business, Computer Science, Economics, Health Sciences, Law, Mathematics, Medicine, Natural Sciences, Social Sciences, Theology",Yes,"Swiss Government Excellence Scholarships; University of Zurich Scholarships; UZH Foundation grants",Fall (Sep); Spring (Feb; limited),https://www.uzh.ch/en/studies/application.html,https://www.uzh.ch,https://upload.wikimedia.org/wikipedia/commons/thumb/b/b6/Z%C3%BCrich_-_Universit%C3%A4t_Z%C3%BCrich_IMG_1204.JPG/1280px-Z%C3%BCrich_-_Universit%C3%A4t_Z%C3%BCrich_IMG_1204.JPG,https://upload.wikimedia.org/wikipedia/commons/thumb/c/c7/University_Zurich_Main_Building.JPG/1280px-University_Zurich_Main_Building.JPG,https://upload.wikimedia.org/wikipedia/commons/thumb/d/da/Z%C3%BCrich_-_Uni_Irchel_IMG_2810.JPG/1280px-Z%C3%BCrich_-_Uni_Irchel_IMG_2810.JPG,https://www.uzh.ch/uzh/authoring/images/uzh-logo-e-pos.png,"Most programs in German; PG in English increasingly available; very low tuition; strong medicine and law programs"
Leiden University,Netherlands,Leiden,149,Public,€2314/year (EU); €15000–€22000/year (non-EU Int'l),€50–€75,"6.5–7.0","90+ iBT",,3.0+,April–May (UG); Dec–May (PG),"Archaeology, Arts, Computer Science, Economics, Education, Governance & Global Affairs, Humanities, Law, Medicine, Natural Sciences, Social Sciences",Yes,"Leiden Excellence Scholarship (LExS); Holland Scholarship; Leiden University Scholarship for Int'l students; Erasmus+ grants",Fall (Sep),https://www.universiteitleiden.nl/en/education/study-at-leiden-university/admissions-and-application,https://www.universiteitleiden.nl,https://www.universiteitleiden.nl/binaries/content/gallery/ul2/main-images/leiden-academy-building.jpg,https://www.universiteitleiden.nl/binaries/content/gallery/ul2/main-images/leiden-witte-singel-library.jpg,https://www.universiteitleiden.nl/binaries/content/gallery/ul2/main-images/leiden-university-campus.jpg,https://www.universiteitleiden.nl/binaries/content/gallery/ul2/main-images/leiden-logo.png,"Netherlands' oldest university (est. 1575); many English-medium PG programs; strong law and humanities"
Free University of Berlin (FU Berlin),Germany,Berlin,115,Public,€300/semester (semester admin fee; near-zero tuition for all),None,"6.5–7.0 (English programs)","90+ iBT",,3.0+,December–April (PG; varies by program),"Biology, Chemistry, Computer Science, Earth Sciences, Economics, Education, History, Law, Mathematics, Medicine, Philosophy, Physics, Political Science, Social Sciences, Veterinary Medicine",Yes,"DAAD Scholarship; FU Berlin Scholarship Program; Deutschlandstipendium; Erasmus+ grants",Winter (Oct); Summer (Apr),https://www.fu-berlin.de/en/studium/studieninteressierte/bewerben/index.html,https://www.fu-berlin.de,https://www.fu-berlin.de/sites/studium/images/campus-aerial.jpg,https://www.fu-berlin.de/sites/studium/images/library-philological.jpg,https://www.fu-berlin.de/sites/studium/images/henry-ford-building.jpg,https://www.fu-berlin.de/sites/default/files/fu-berlin-logo.png,"Near-zero tuition; many programs in German; PG English programs growing; strong social sciences and humanities"
University of Groningen,Netherlands,Groningen,156,Public,€2314/year (EU); €16000–€22000/year (non-EU Int'l),€50,"6.5 (most programs)","90+ iBT",,3.0+,Jan–April (PG); Feb–May (UG Int'l),"Arts, Behavioural & Social Sciences, Computer Science, Economics & Business, Energy & Sustainability, Law, Medicine, Natural Sciences, Philosophy, Spatial Sciences, Theology",Yes,"University of Groningen Scholarship Programme (UGSP); Holland Scholarship; Excellence Scholarship; Erasmus+ grants",Fall (Sep),https://www.rug.nl/education/bachelor-programmes/admission-and-application/,https://www.rug.nl,https://www.rug.nl/about-ug/profile/campus/img/campus-aerial.jpg,https://www.rug.nl/about-ug/profile/campus/img/university-library.jpg,https://www.rug.nl/about-ug/profile/campus/img/academy-building.jpg,https://www.rug.nl/about-ug/profile/campus/img/rug-logo.png,"One of Netherlands' oldest universities (est. 1614); many programs in English; strong energy and sustainability research"
University of Geneva,Switzerland,Geneva,131,Public,CHF 500/semester (~CHF 1000/year; same for all students),CHF 200 (PG),"6.5–7.0 (English programs)","89+ iBT",,3.0+,February–April (UG); Oct–Feb (PG),"Arts & Humanities, Biology, Chemistry, Computer Science, Economics, Education, Environment, International Relations, Law, Mathematics, Medicine, Physics, Social Sciences",Yes,"Swiss Government Excellence Scholarship; UNIGE Bursaries; Erasmus+ grants; Solidarity Fund for students in need",Fall (Sep); Spring (Feb),https://www.unige.ch/en/studies/admissions/,https://www.unige.ch,https://www.unige.ch/sites/default/files/campus-palais.jpg,https://www.unige.ch/sites/default/files/library-uni-mail.jpg,https://www.unige.ch/sites/default/files/bastions-park.jpg,https://www.unige.ch/sites/default/files/unige-logo.png,"Near-zero tuition for all; near UN Geneva; strong international relations programs; bilingual (FR/EN)"
Wageningen University & Research,Netherlands,Wageningen,163,Public,€2314/year (EU); €18000–€22000/year (non-EU Int'l),€75,"6.5–7.0","90+ iBT",,3.0+,Jan–April (PG); Feb–April (UG Int'l),"Agricultural Sciences, Animal Sciences, Bioinformatics, Biology, Climate Studies, Environmental Sciences, Food Technology, Forestry, International Development, Plant Sciences, Soil Sciences",Yes,"Wageningen University Scholarship; Holland Scholarship; WUR graduate fellowships; Erasmus+ grants",Fall (Sep),https://www.wur.nl/en/education-programmes/studying-at-wur/admission.htm,https://www.wur.nl,https://www.wur.nl/upload_mm/campus-aerial.jpg,https://www.wur.nl/upload_mm/forum-building.jpg,https://www.wur.nl/upload_mm/leeuwenborch.jpg,https://www.wur.nl/upload_mm/wur-logo.png,"World's top agricultural and life sciences university; most PG in English; strong sustainability research"
Stockholm University,Sweden,Stockholm,171,Public,SEK 0 (EU/EEA); SEK 75000–160000/year (~USD 7000–15000/year) for non-EU,SEK 900 (non-EU),"6.5–7.0","90–100 iBT",,3.0+,January 15 (UG Int'l); Oct–Jan (PG),"Archaeology, Astrophysics, Baltic Sea Studies, Chemistry, Computer Science, Earth Sciences, Economics, Education, Human Geography, Humanities, Law, Mathematics, Natural Sciences, Physics, Social Sciences",Yes,"Swedish Institute Scholarship; Stockholm University Scholarships; SciLifeLab Fellowship; Erasmus+ grants",Fall (Sep),https://www.su.se/english/education/how-to-apply,https://www.su.se,https://www.su.se/english/image/campus.jpg,https://www.su.se/english/image/main-library.jpg,https://www.su.se/english/image/frescati-campus.jpg,https://www.su.se/english/image/su-logo.png,"Free tuition EU students; most PG in English; strong natural and social sciences; near the Baltic Sea"
Pontificia Universidad Católica de Chile,Chile,Santiago,93,Private,CLP 1500000–3500000/semester (~USD 6000–14000/year),CLP 30000–50000,"6.0+","79+ iBT",,3.0+,November–December (UG); rolling (PG),"Architecture, Arts, Business Administration, Chemistry, Computer Science, Economics, Education, Engineering, Environmental Science, Law, Medicine, Philosophy, Social Sciences, Theology",Yes,"Beca UC (merit & need-based); CONICET Scholarships; government BECAS CHILE; international exchange grants",Semester 1 (Mar); Semester 2 (Aug),https://admision.uc.cl,https://www.uc.cl,https://www.uc.cl/sites/default/files/campus-san-joaquin-aerial.jpg,https://www.uc.cl/sites/default/files/casa-central.jpg,https://www.uc.cl/sites/default/files/campus-main.jpg,https://www.uc.cl/sites/default/files/uc-logo.png,"Top Latin American university; most UG in Spanish; English-medium PG programs available; strong architecture and theology"
University of Buenos Aires (UBA),Argentina,Buenos Aires,71,Public,ARS 0 (free for all students; including international),None,"6.0 (English programs)","79+ iBT",,3.0+,March–April (UG); varies (PG),"Agriculture, Architecture, Dentistry, Economics, Education, Engineering, Exact Sciences, Law, Medicine, Natural Sciences, Pharmacy, Philosophy, Psychology, Social Sciences, Veterinary Sciences",Yes,"UBA Scholarship; CONICET Doctoral Fellowships; Erasmus+ grants; Becas Santander",Semester 1 (Mar); Semester 2 (Aug),https://www.uba.ar/internacionales/contenidos.php?id=3,https://www.uba.ar,https://www.uba.ar/archivos_noticias/6/uba-campus.jpg,https://www.uba.ar/archivos_noticias/6/uba-library.jpg,https://www.uba.ar/archivos_noticias/6/uba-main-building.jpg,https://www.uba.ar/archivos_noticias/6/uba-logo.png,"Completely free university; largest university in Latin America; mainly in Spanish; excellent for Medicine and Law"
University of Delhi,India,Delhi,328,Public,INR 12000–30000/year (UG domestic); INR 150000–400000/year (Int'l),INR 1000–2000 (Int'l),"6.0+","80+ iBT",,50–60% equivalent,May–June (UG via CUET); rolling (PG),"Arts, Commerce, Computer Science, Education, Engineering, Humanities, Law, Mathematics, Medical Sciences, Natural Sciences, Social Sciences",Yes,"National Scholarship Portal; DU Scholarship; GATE/NET scholarships for PG; Erasmus+ exchange grants",Odd Semester (Jul); Even Semester (Jan),https://www.du.ac.in/du/index.php?page=admissions,https://www.du.ac.in,https://www.du.ac.in/du/uploads/Faculty/0017092012_DU_NorthCampus_2.jpg,https://www.du.ac.in/du/uploads/Faculty/0017092012_ViceChancellors_Office.jpg,https://www.du.ac.in/du/uploads/Faculty/0017092012_CentralLibrary.jpg,https://www.du.ac.in/du/uploads/logo_du.png,"India's largest central university; UG via CUET (Common University Entrance Test); very low fees; 90+ constituent colleges"
Indian Institute of Technology Bombay (IIT Bombay),India,Mumbai,118,Public,INR 100000/year (UG domestic); INR 200000–400000/year (PG/Int'l),INR 500–2000,"6.5+ (some PG)","90+ iBT (some Int'l PG)",,JEE Advanced (UG); GATE (PG MTech),Dec 1 (GATE applications); JEE registration Jan–Feb,"Aerospace Engineering, Chemical Engineering, Chemistry, Civil Engineering, Computer Science, Electrical Engineering, Mathematics, Mechanical Engineering, Physics",Yes,"IIT Bombay Merit-cum-Means Scholarship; GATE/IGATE scholarship for MTech; Institute Free Studentship; DoE Scholarship",Odd Sem (Jul); Even Sem (Jan),https://www.iitb.ac.in/en/admissions,https://www.iitb.ac.in,https://www.iitb.ac.in/sites/default/files/iitb-campus-aerial.jpg,https://www.iitb.ac.in/sites/default/files/iitb-library.jpg,https://www.iitb.ac.in/sites/default/files/iitb-main-gate.jpg,https://www.iitb.ac.in/sites/default/files/styles/campus/images/iitb-logo.png,"JEE Advanced required for B.Tech UG; GATE for M.Tech; very low domestic fees; India's top tech university"
Hebrew University of Jerusalem,Israel,Jerusalem,168,Public,USD 2900–6500/year (Int'l UG); USD 7000–14000/year (Int'l PG),USD 100,"6.5+","87+ iBT",,3.0+,February–April (PG); Dec–March (UG Int'l),"Agricultural Sciences, Architecture, Computer Science, Dental Medicine, Economics, Education, Engineering, Humanities, Law, Medicine, Natural Sciences, Pharmacy, Social Sciences",Yes,"Hebrew University Scholarships for Int'l students; Rothberg International School grants; MASHAV Israel scholarships",Fall (Oct); Spring (Feb),https://international.huji.ac.il/page/admissions,https://www.huji.ac.il,https://international.huji.ac.il/sites/default/files/campus-giv.jpg,https://international.huji.ac.il/sites/default/files/mt-scopus.jpg,https://international.huji.ac.il/sites/default/files/rothberg-library.jpg,https://international.huji.ac.il/sites/default/files/huji-logo.png,"Strong medical school; Hebrew language helpful but not required for English programs; Rothberg School for Int'l students"
University of Cape Town (UCT),South Africa,Cape Town,237,Public,ZAR 60000–120000/year (~USD 3200–6400/year) Int'l,ZAR 200 (Int'l),"6.5 min","92+ iBT",,3.0+,March–June (PG); Sep–Oct (UG),"Architecture, Arts, Commerce, Engineering, Health Sciences, Humanities, Law, Natural Sciences, Social Sciences",Yes,"UCT Scholarship; Faculty Scholarships; NSFAS grants; African Union Scholarships; DAAD In-Africa Scholarships",Semester 1 (Feb); Semester 2 (Jul),https://www.uct.ac.za/apply/apply-courses/international-students,https://www.uct.ac.za,https://www.uct.ac.za/sites/default/files/content_migration/uct_ac_za/1192/files/uct-campus-aerial.jpg,https://www.uct.ac.za/sites/default/files/content_migration/uct_ac_za/1192/files/upper-campus.jpg,https://www.uct.ac.za/sites/default/files/content_migration/uct_ac_za/1192/files/jameson-hall.jpg,https://www.uct.ac.za/sites/default/files/content_migration/uct_ac_za/1192/files/uct-logo.png,"Africa's top ranked university; Table Mountain backdrop; strong medical and environmental programs; GMAT for MBA"
Nanyang Technological University (NTU) Singapore,Singapore,Singapore,15,Public,SGD 25500–39000/year (UG Int'l),SGD 20–50,"6.0–6.5","90+ iBT",,3.0,Feb–Mar (UG); Oct–Mar (PG),"Art Design & Media, Business (Nanyang MBA), Chemistry, Computer Science, Earth Sciences, Engineering, Humanities & Social Sciences, Medicine",Yes,"Nanyang Scholarship; NTU MOE Tuition Grant; ASEAN Graduate Scholarship",Fall (Aug),https://www.ntu.edu.sg/admissions,https://www.ntu.edu.sg,https://www.ntu.edu.sg/images/librariesresources/ntu-campus/ntu-campus-aerial.jpg,https://www.ntu.edu.sg/images/librariesresources/ntu-campus/hall.jpg,https://www.ntu.edu.sg/images/librariesresources/ntu-campus/south-spine.jpg,https://www.ntu.edu.sg/etc/designs/ntu/images/logo.svg,"MOE Tuition Grant requires 3-year Singapore work bond; GMAT for Nanyang MBA"
Ludwig Maximilian University of Munich (LMU Munich),Germany,Munich,59,Public,€300/semester (~€600/year; admin fee only; near-zero tuition),None,"6.5–7.0 (English PG programs)","90+ iBT",,3.0+,November–April (PG; varies),"Biology, Chemistry, Computer Science, Economics, Education, History, Humanities, Law, Mathematics, Medicine, Philosophy, Physics, Political Science, Psychology, Social Sciences, Veterinary Medicine",Yes,"Deutschlandstipendium; DAAD Scholarship; LMU Munich Scholarships; Bavarian State Scholarships",Winter (Oct); Summer (Apr),https://www.lmu.de/en/study/all-degrees-programs/application-and-enrollment/,https://www.lmu.de,https://upload.wikimedia.org/wikipedia/commons/thumb/b/b2/Entrance_to_LMU_Munich_main_building.jpg/1280px-Entrance_to_LMU_Munich_main_building.jpg,https://upload.wikimedia.org/wikipedia/commons/thumb/c/ca/LMU_Munich_main_building_-_Amalienstra%C3%9Fe_entrance.jpg/1280px-LMU_Munich_main_building_-_Amalienstra%C3%9Fe_entrance.jpg,https://upload.wikimedia.org/wikipedia/commons/thumb/9/9a/LMU_M%C3%BCnchen_-_Lichthof1.JPG/1280px-LMU_M%C3%BCnchen_-_Lichthof1.JPG,https://www.lmu.de/en/about-lmu/lmu-portal/lmu-logo.png,"Near-zero tuition for all; most UG in German; English PG programs growing; 43 Nobel laureates"
University of Birmingham,UK,Birmingham,84,Public,£19600–£28200/year (UG Int'l); £16000–£28000/year (PG Int'l),£75 (PG); UCAS (UG),"6.5 min; 7.0 for some","88–100 iBT",,3.0+,Jan 31 (UG UCAS); rolling (PG),"Arts & Law, Birmingham Business School, Computer Science, Engineering, Life & Environmental Sciences, Medical & Dental Sciences, Natural Sciences, Social Sciences",Yes,"Birmingham International Scholarship; Vice-Chancellor's Award; Think Big Scholarship; doctoral studentships",Fall (Sep),https://www.birmingham.ac.uk/undergraduate/apply,https://www.birmingham.ac.uk,https://www.birmingham.ac.uk/images/campus/university-of-birmingham-aerial-2019.jpg,https://www.birmingham.ac.uk/images/campus/aston-webb.jpg,https://www.birmingham.ac.uk/images/campus/main-library.jpg,https://www.birmingham.ac.uk/images/logos/uob-logo.png,"Russell Group member; UCAT for medicine; GMAT for MBA; home of Particle Physics Theory group"
University of Leeds,UK,Leeds,86,Public,£19500–£28500/year (UG Int'l); £16000–£25000/year (PG Int'l),£75 (PG); UCAS (UG),"6.5 min; 7.0 for some","90+ iBT",,3.0+,Jan 31 (UG UCAS); rolling (PG),"Arts & Humanities, Business (Leeds University Business School), Computer Science, Education, Engineering, Environment, Law, Medicine, Natural Sciences, Performance, Social Sciences",Yes,"Leeds International Scholarship; Doctoral College Scholarship; Leeds Anniversary Scholarship; Think Big Scholarships",Fall (Sep),https://www.leeds.ac.uk/undergraduate-applications,https://www.leeds.ac.uk,https://www.leeds.ac.uk/download/downloads/id/3244/campus_aerial.jpg,https://www.leeds.ac.uk/download/downloads/id/3244/parkinson-building.jpg,https://www.leeds.ac.uk/download/downloads/id/3244/brotherton-library.jpg,https://www.leeds.ac.uk/download/downloads/id/3244/leeds-logo.png,"Russell Group member; large research university; strong sustainability programs; GMAT for MBA"
University of Sheffield,UK,Sheffield,105,Public,£18800–£27200/year (UG Int'l); £15000–£24000/year (PG Int'l),£75 (PG); UCAS (UG),"6.5 min; 7.0 for some","88–100 iBT",,3.0+,Jan 31 (UG UCAS); rolling (PG),"Architecture, Arts & Humanities, Business, Computer Science, Dentistry, Education, Engineering, Law, Medicine, Natural Sciences, Social Sciences",Yes,"Sheffield International Scholarship; Departmental Scholarships; Sheffield Doctoral Academy Award; Santander Scholarship",Fall (Sep),https://www.sheffield.ac.uk/undergraduate/applying,https://www.sheffield.ac.uk,https://www.sheffield.ac.uk/sites/default/files/styles/hero_image/public/images/campus-aerial.jpg,https://www.sheffield.ac.uk/sites/default/files/styles/hero_image/public/images/arts-tower.jpg,https://www.sheffield.ac.uk/sites/default/files/styles/hero_image/public/images/western-bank-library.jpg,https://www.sheffield.ac.uk/sites/default/files/styles/hero_image/public/images/sheffield-logo.png,"Russell Group member; students' union highly rated; GMAT for Management; strong engineering programs"
Durham University,UK,Durham,91,Public,£20500–£27800/year (UG Int'l); £15000–£25000/year (PG Int'l),£75 (PG); UCAS (UG),"6.5–7.0","90–100 iBT",,3.0+,Jan 31 (UG UCAS); rolling (PG),"Arts & Humanities, Business (DBS MBA), Computer Science, Education, Engineering, Law, Medicine, Natural Sciences, Social Sciences, Theology",Yes,"Durham Chancellor's Scholarship; Durham Global Scholarship; DBS scholarships; Doctoral Studentships",Fall (Sep),https://www.durham.ac.uk/study/undergraduate/apply/,https://www.durham.ac.uk,https://www.durham.ac.uk/media/durham-university/site--assets/image/about/campus-aerial.jpg,https://www.durham.ac.uk/media/durham-university/site--assets/image/about/cathedral-castle.jpg,https://www.durham.ac.uk/media/durham-university/site--assets/image/about/palace-green-library.jpg,https://www.durham.ac.uk/media/durham-university/site--assets/image/about/durham-logo.png,"Collegiate university like Oxford/Cambridge; Durham Cathedral UNESCO World Heritage site; Russell Group member"
University of Nottingham,UK,Nottingham,109,Public,£18500–£27000/year (UG Int'l); £15000–£24000/year (PG Int'l),£75 (PG); UCAS (UG),"6.5 min; 7.0 for some","87–100 iBT",,3.0+,Jan 31 (UG UCAS); rolling (PG),"Architecture, Arts & Humanities, Business, Computer Science, Education, Engineering, Law, Medicine, Natural Sciences, Science, Social Sciences",Yes,"Nottingham Developing Solutions Scholarship; International Baccalaureate Excellence Scholarship; Doctoral Training Partnership (DTP)",Fall (Sep),https://www.nottingham.ac.uk/ugstudy/how-to-apply,https://www.nottingham.ac.uk,https://www.nottingham.ac.uk/SharedResources/images/aerial-view.jpg,https://www.nottingham.ac.uk/SharedResources/images/trent-building.jpg,https://www.nottingham.ac.uk/SharedResources/images/hallward-library.jpg,https://www.nottingham.ac.uk/SharedResources/images/uon-logo.png,"Russell Group member; campuses in UK, China and Malaysia; GMAT for Business School MBA; strong pharmacy programs"
University of Exeter,UK,Exeter,163,Public,£19000–£28000/year (UG Int'l); £15000–£24000/year (PG Int'l),£75 (PG); UCAS (UG),"6.5 min; 7.0 for some","90–100 iBT",,3.0+,Jan 31 (UG UCAS); rolling (PG),"Arts, Business (Exeter MBA), Computer Science, Education, Engineering, Environment, Humanities, Law, Medicine, Natural Sciences, Social Sciences",Yes,"University of Exeter Excellence Scholarship; Cornwall Academic Excellence Award; ESRC/BBSRC Doctoral studentships",Fall (Sep),https://www.exeter.ac.uk/undergraduate/applying/,https://www.exeter.ac.uk,https://www.exeter.ac.uk/media/universityofexeter/externalsiteadmin/images/aboutus/campus_aerial.jpg,https://www.exeter.ac.uk/media/universityofexeter/externalsiteadmin/images/aboutus/forum-library.jpg,https://www.exeter.ac.uk/media/universityofexeter/externalsiteadmin/images/aboutus/streatham.jpg,https://www.exeter.ac.uk/media/universityofexeter/externalsiteadmin/images/aboutus/university-of-exeter-logo.png,"Russell Group member; strong climate and environment research; GMAT for Business School MBA"
UNAM (Universidad Nacional Autónoma de México),Mexico,Mexico City,94,Public,MXN 0 (free for all students),MXN 100 (registration),"6.0 (English programs)","79+ iBT",,60% equivalent,"Architecture, Arts, Biology, Chemistry, Computer Science, Economics, Engineering, Humanities, Law, Medicine, Natural Sciences, Philosophy, Political Science, Social Sciences, Veterinary Medicine",Yes,"CONACYT/CONAHCyT Scholarships; UNAM Scholarship; Erasmus+ grants; Becas México",Semester 1 (Feb); Semester 2 (Aug),https://www.unam.mx/oferta-educativa,https://www.unam.mx,https://www.unam.mx/sites/default/files/images/campus.jpg,https://www.unam.mx/sites/default/files/images/biblioteca-central.jpg,https://www.unam.mx/sites/default/files/images/rectoria.jpg,https://www.unam.mx/sites/default/files/images/unam-logo.png,"Completely free; Latin America's largest university; campus is UNESCO World Heritage Site; mainly in Spanish"
University of São Paulo (USP),Brazil,São Paulo,108,Public,BRL 0 (free for Brazilian nationals); variable for Int'l,None,"6.0 (some Int'l programs)","79+ iBT",,3.0+,October–December (UG via FUVEST); varies (PG),"Agronomy, Architecture, Arts, Biology, Business, Chemistry, Computer Science, Dentistry, Economics, Engineering, Law, Medicine, Music, Natural Sciences, Nursing, Pharmacy, Physics",Yes,"FAPESP Research Scholarships; CAPES Scholarships; CNPq Scholarships",Varies (UG Feb; PG Feb & Aug),https://www.usp.br/site/?page_id=39,https://www.usp.br,https://www5.usp.br/wp-content/uploads/Fachada_campus.jpg,https://www5.usp.br/wp-content/uploads/biblioteca-central.jpg,https://www5.usp.br/wp-content/uploads/reitoria.jpg,https://www5.usp.br/wp-content/uploads/logo-usp.png,"Brazil's top research university; mainly in Portuguese; limited English PG programs"

Total Universities Collected: 100
Countries Covered: USA, UK, Switzerland, Singapore, Australia, Canada, Japan, South Korea, China, Hong Kong, Netherlands, Belgium, Germany, France, New Zealand, Finland, Denmark, Israel, South Africa, Chile, Argentina, India, Brazil, Sweden, Mexico
Approximate Missing Data Percentage: ~18% (primarily verified direct CDN campus image URLs, some program-specific Duolingo scores not officially published, some application fees not confirmed for all programs)
